"Date","Price","Open","High","Low","Vol.","Change %"
"Dec 18, 2020","1,887.00","1,889.15","1,895.50","1,881.95","-","-0.18%"
"Dec 17, 2020","1,890.40","1,868.40","1,902.00","1,865.90","-","1.68%"
"Dec 16, 2020","1,859.10","1,857.70","1,870.00","1,848.20","199.68K","0.20%"
"Dec 15, 2020","1,855.30","1,830.50","1,859.30","1,828.50","173.61K","1.27%"
"Dec 14, 2020","1,832.10","1,845.00","1,845.60","1,820.00","168.49K","-0.62%"
"Dec 11, 2020","1,843.60","1,840.00","1,851.80","1,826.80","153.80K","0.34%"
"Dec 10, 2020","1,837.40","1,843.00","1,854.20","1,831.50","164.80K","-0.06%"
"Dec 09, 2020","1,838.50","1,875.40","1,875.90","1,828.20","219.59K","-1.94%"
"Dec 08, 2020","1,874.90","1,866.10","1,879.80","1,863.90","151.79K","0.48%"
"Dec 07, 2020","1,866.00","1,841.10","1,873.00","1,824.80","209.04K","1.41%"
"Dec 04, 2020","1,840.00","1,844.70","1,852.70","1,832.00","171.26K","-0.06%"
"Dec 03, 2020","1,841.10","1,833.90","1,847.40","1,826.70","180.36K","0.60%"
"Dec 02, 2020","1,830.20","1,819.10","1,835.70","1,810.50","185.32K","0.62%"
"Dec 01, 2020","1,818.90","1,780.30","1,821.10","1,778.40","203.65K","2.13%"
"Nov 30, 2020","1,780.90","1,790.80","1,793.30","1,767.20","242.73K","-0.40%"
"Nov 27, 2020","1,788.10","1,812.10","1,822.60","1,776.50","282.35K","-1.05%"
"Nov 26, 2020","1,807.00","1,806.25","1,816.80","1,804.20","-","-0.23%"
"Nov 25, 2020","1,811.20","1,812.00","1,821.70","1,804.70","133.60K","0.02%"
"Nov 24, 2020","1,810.90","1,842.60","1,843.00","1,803.70","126.76K","-1.46%"
"Nov 23, 2020","1,837.80","1,869.80","1,875.00","1,828.00","319.66K","-1.85%"
"Nov 20, 2020","1,872.40","1,864.80","1,879.20","1,859.10","186.17K","0.59%"
"Nov 19, 2020","1,861.50","1,872.00","1,872.60","1,850.00","222.35K","-0.66%"
"Nov 18, 2020","1,873.90","1,879.50","1,884.20","1,860.30","209.00K","-0.59%"
"Nov 17, 2020","1,885.10","1,888.20","1,892.70","1,876.30","160.88K","-0.14%"
"Nov 16, 2020","1,887.80","1,886.60","1,898.00","1,861.50","222.94K","0.08%"
"Nov 13, 2020","1,886.20","1,875.60","1,895.80","1,872.10","162.54K","0.69%"
"Nov 12, 2020","1,873.30","1,863.90","1,883.00","1,860.70","209.93K","0.63%"
"Nov 11, 2020","1,861.60","1,876.10","1,882.50","1,853.90","215.17K","-0.79%"
"Nov 10, 2020","1,876.40","1,864.10","1,888.90","1,858.90","264.87K","1.19%"
"Nov 09, 2020","1,854.40","1,956.00","1,966.10","1,848.00","496.09K","-4.99%"
"Nov 06, 2020","1,951.70","1,950.00","1,961.80","1,937.20","246.78K","0.25%"
"Nov 05, 2020","1,946.80","1,903.40","1,954.30","1,902.20","297.51K","2.67%"
"Nov 04, 2020","1,896.20","1,910.30","1,917.90","1,881.80","293.95K","-0.74%"
"Nov 03, 2020","1,910.40","1,896.40","1,912.20","1,887.60","171.37K","0.95%"
"Nov 02, 2020","1,892.50","1,877.00","1,897.10","1,873.30","164.94K","0.67%"
"Oct 30, 2020","1,879.90","1,867.90","1,890.90","1,863.30","213.17K","0.64%"
"Oct 29, 2020","1,868.00","1,877.50","1,885.10","1,859.20","225.16K","-0.60%"
"Oct 28, 2020","1,879.20","1,909.80","1,912.60","1,869.10","297.09K","-1.71%"
"Oct 27, 2020","1,911.90","1,904.40","1,913.80","1,898.70","153.30K","0.33%"
"Oct 26, 2020","1,905.70","1,906.00","1,911.10","1,892.50","166.31K","0.03%"
"Oct 23, 2020","1,905.20","1,906.50","1,917.30","1,895.20","172.96K","0.03%"
"Oct 22, 2020","1,904.60","1,927.40","1,929.40","1,894.20","215.58K","-1.29%"
"Oct 21, 2020","1,929.50","1,911.60","1,936.00","1,911.60","201.27K","0.74%"
"Oct 20, 2020","1,915.40","1,906.40","1,917.60","1,896.60","163.91K","0.19%"
"Oct 19, 2020","1,911.70","1,903.20","1,923.40","1,900.20","159.85K","0.28%"
"Oct 16, 2020","1,906.40","1,912.70","1,918.70","1,901.10","146.91K","-0.13%"
"Oct 15, 2020","1,908.90","1,906.00","1,913.20","1,892.70","213.57K","0.08%"
"Oct 14, 2020","1,907.30","1,895.40","1,917.50","1,885.00","188.30K","0.67%"
"Oct 13, 2020","1,894.60","1,927.30","1,930.60","1,889.30","267.54K","-1.78%"
"Oct 12, 2020","1,928.90","1,935.00","1,939.40","1,923.80","157.21K","0.14%"
"Oct 09, 2020","1,926.20","1,898.40","1,936.80","1,898.00","229.85K","1.64%"
"Oct 08, 2020","1,895.10","1,890.60","1,905.30","1,885.30","185.45K","0.23%"
"Oct 07, 2020","1,890.80","1,882.60","1,902.40","1,877.10","188.59K","-0.94%"
"Oct 06, 2020","1,908.80","1,917.80","1,927.00","1,878.20","219.44K","-0.59%"
"Oct 05, 2020","1,920.10","1,910.90","1,924.90","1,891.20","177.59K","0.66%"
"Oct 02, 2020","1,907.60","1,911.00","1,923.60","1,895.20","212.73K","-0.45%"
"Oct 01, 2020","1,916.30","1,891.20","1,917.90","1,890.00","262.09K","1.10%"
"Sep 30, 2020","1,895.50","1,903.20","1,908.20","1,885.80","259.87K","-0.40%"
"Sep 29, 2020","1,903.20","1,886.40","1,904.80","1,880.80","217.80K","1.11%"
"Sep 28, 2020","1,882.30","1,862.70","1,888.20","1,851.10","235.92K","0.86%"
"Sep 25, 2020","1,866.30","1,872.70","1,879.30","1,854.10","230.86K","-0.56%"
"Sep 24, 2020","1,876.90","1,866.90","1,880.90","1,851.00","345.04K","0.45%"
"Sep 23, 2020","1,868.40","1,905.10","1,909.90","1,856.00","411.56K","-2.05%"
"Sep 22, 2020","1,907.60","1,918.10","1,925.50","1,898.90","282.71K","-0.16%"
"Sep 21, 2020","1,910.60","1,957.30","1,962.90","1,885.40","381.84K","-2.62%"
"Sep 18, 2020","1,962.10","1,951.10","1,968.20","1,951.10","174.77K","0.63%"
"Sep 17, 2020","1,949.90","1,967.60","1,969.30","1,938.20","273.14K","-1.05%"
"Sep 16, 2020","1,970.50","1,961.40","1,983.80","1,957.20","298.39K","0.22%"
"Sep 15, 2020","1,966.20","1,966.20","1,982.40","1,955.60","239.54K","0.13%"
"Sep 14, 2020","1,963.70","1,948.90","1,972.50","1,945.20","200.09K","0.81%"
"Sep 11, 2020","1,947.90","1,953.80","1,963.40","1,944.00","205.23K","-0.83%"
"Sep 10, 2020","1,964.30","1,955.30","1,975.20","1,948.60","271.48K","0.48%"
"Sep 09, 2020","1,954.90","1,939.40","1,959.70","1,926.30","227.18K","0.60%"
"Sep 08, 2020","1,943.20","1,938.00","1,948.30","1,911.70","416.01K","0.31%"
"Sep 07, 2020","1,937.10","1,940.70","1,947.40","1,930.45","-","-0.18%"
"Sep 06, 2020","1,940.65","1,941.90","1,944.30","1,937.65","-","0.33%"
"Sep 04, 2020","1,934.30","1,938.00","1,956.60","1,921.60","304.74K","-0.18%"
"Sep 03, 2020","1,937.80","1,948.90","1,956.60","1,927.20","303.03K","-0.35%"
"Sep 02, 2020","1,944.70","1,976.80","1,980.40","1,938.90","332.59K","-1.73%"
"Sep 01, 2020","1,978.90","1,973.70","2,001.20","1,969.20","304.89K","0.02%"
"Aug 31, 2020","1,978.60","1,973.90","1,985.80","1,962.30","245.11K","0.19%"
"Aug 28, 2020","1,974.90","1,937.50","1,983.00","1,928.20","334.10K","2.19%"
"Aug 27, 2020","1,932.60","1,963.00","1,987.00","1,914.70","467.17K","-1.02%"
"Aug 26, 2020","1,952.50","1,939.00","1,963.40","1,908.40","342.21K","1.53%"
"Aug 25, 2020","1,923.10","1,935.90","1,944.10","1,919.10","274.11K","-0.83%"
"Aug 24, 2020","1,939.20","1,947.90","1,970.30","1,930.80","286.26K","-0.40%"
"Aug 21, 2020","1,947.00","1,955.60","1,963.10","1,916.60","355.07K","0.03%"
"Aug 20, 2020","1,946.50","1,934.40","1,963.10","1,928.90","383.34K","-1.21%"
"Aug 19, 2020","1,970.30","2,010.50","2,015.60","1,930.50","443.26K","-2.13%"
"Aug 18, 2020","2,013.10","1,993.60","2,024.60","1,985.20","361.48K","0.72%"
"Aug 17, 2020","1,998.70","1,956.40","2,000.80","1,939.10","289.44K","2.51%"
"Aug 14, 2020","1,949.80","1,963.80","1,970.00","1,939.10","241.80K","-1.05%"
"Aug 13, 2020","1,970.40","1,927.30","1,974.80","1,923.00","349.89K","1.10%"
"Aug 12, 2020","1,949.00","1,921.60","1,961.00","1,874.20","459.84K","0.14%"
"Aug 11, 2020","1,946.30","2,038.40","2,040.50","1,911.30","565.00K","-4.58%"
"Aug 10, 2020","2,039.70","2,044.80","2,060.80","2,027.80","251.31K","0.58%"
"Aug 07, 2020","2,028.00","2,076.40","2,089.20","2,024.80","398.13K","-2.00%"
"Aug 06, 2020","2,069.40","2,055.00","2,081.80","2,049.00","312.76K","0.98%"
"Aug 05, 2020","2,049.30","2,037.00","2,070.30","2,027.50","366.38K","1.40%"
"Aug 04, 2020","2,021.00","1,993.50","2,037.70","1,982.60","274.42K","1.75%"
"Aug 03, 2020","1,986.30","1,997.40","2,009.50","1,975.20","178.75K","0.02%"
"Jul 31, 2020","1,985.90","1,973.60","2,005.40","1,971.40","279.32K","0.97%"
"Jul 30, 2020","1,966.80","1,986.40","1,987.30","1,952.30","271.38K","-0.50%"
"Jul 29, 2020","1,976.70","1,971.90","1,998.40","1,955.70","197.82K","0.65%"
"Jul 28, 2020","1,963.90","1,963.20","2,000.00","1,927.50","161.58K","0.43%"
"Jul 27, 2020","1,955.40","1,929.00","1,971.30","1,926.80","137.85K","1.57%"
"Jul 24, 2020","1,925.20","1,912.30","1,933.60","1,908.00","66.45K","0.41%"
"Jul 23, 2020","1,917.40","1,900.00","1,927.10","1,890.40","72.36K","1.31%"
"Jul 22, 2020","1,892.60","1,867.80","1,899.00","1,867.80","49.86K","1.23%"
"Jul 21, 2020","1,869.60","1,842.50","1,870.50","1,839.90","31.69K","1.60%"
"Jul 20, 2020","1,840.10","1,835.50","1,846.10","1,830.70","19.19K","0.35%"
"Jul 17, 2020","1,833.70","1,822.90","1,837.60","1,821.00","16.39K","0.39%"
"Jul 16, 2020","1,826.50","1,840.70","1,843.70","1,819.90","18.23K","-0.82%"
"Jul 15, 2020","1,841.60","1,839.70","1,847.20","1,831.90","13.32K","0.01%"
"Jul 14, 2020","1,841.50","1,834.20","1,843.00","1,819.30","40.63K","-0.12%"
"Jul 13, 2020","1,843.70","1,831.60","1,847.70","1,831.60","36.09K","0.68%"
"Jul 10, 2020","1,831.30","1,837.00","1,846.30","1,825.50","40.13K","-0.12%"
"Jul 09, 2020","1,833.50","1,849.80","1,854.60","1,829.60","48.72K","-0.92%"
"Jul 08, 2020","1,850.60","1,832.60","1,857.00","1,829.10","58.42K","0.89%"
"Jul 07, 2020","1,834.30","1,817.20","1,835.00","1,804.80","18.51K","1.00%"
"Jul 06, 2020","1,816.10","1,809.30","1,821.30","1,801.60","10.49K","1.59%"
"Jul 03, 2020","1,787.60","1,786.90","1,788.70","1,783.65","-","-1.35%"
"Jul 02, 2020","1,812.00","1,802.20","1,813.90","1,788.30","11.53K","0.56%"
"Jul 01, 2020","1,801.90","1,817.50","1,827.10","1,789.80","15.52K","-1.02%"
"Jun 30, 2020","1,820.40","1,803.70","1,823.50","1,794.00","8.60K","1.13%"
"Jun 29, 2020","1,800.10","1,807.30","1,808.60","1,795.30","4.16K","0.09%"
"Jun 26, 2020","1,798.50","1,792.50","1,804.00","1,772.00","4.76K","0.56%"
"Jun 25, 2020","1,788.40","1,789.30","1,796.60","1,781.60","6.30K","-0.23%"
"Jun 24, 2020","1,792.60","1,800.40","1,810.70","1,787.80","8.73K","-0.25%"
"Jun 23, 2020","1,797.10","1,780.00","1,801.50","1,774.00","4.07K","0.86%"
"Jun 22, 2020","1,781.70","1,780.30","1,793.60","1,769.00","5.87K","0.74%"
"Jun 19, 2020","1,768.60","1,746.60","1,775.60","1,745.50","8.36K","1.18%"
"Jun 18, 2020","1,747.90","1,752.90","1,765.20","1,739.60","4.78K","-0.31%"
"Jun 17, 2020","1,753.40","1,751.50","1,756.80","1,735.60","3.83K","-0.06%"
"Jun 16, 2020","1,754.40","1,751.40","1,757.50","1,739.80","4.23K","0.54%"
"Jun 15, 2020","1,744.90","1,759.10","1,759.60","1,724.60","4.43K","-0.59%"
"Jun 12, 2020","1,755.20","1,751.70","1,770.50","1,746.90","3.61K","-0.14%"
"Jun 11, 2020","1,757.60","1,764.90","1,772.60","1,746.00","6.57K","1.07%"
"Jun 10, 2020","1,739.00","1,737.70","1,767.00","1,732.80","8.14K","-0.07%"
"Jun 09, 2020","1,740.30","1,724.90","1,747.50","1,715.90","6.82K","0.96%"
"Jun 08, 2020","1,723.80","1,706.10","1,726.00","1,700.10","4.83K","1.29%"
"Jun 05, 2020","1,701.90","1,740.20","1,741.90","1,690.10","9.81K","-2.55%"
"Jun 04, 2020","1,746.40","1,721.00","1,747.30","1,718.50","5.81K","1.33%"
"Jun 03, 2020","1,723.50","1,750.30","1,754.10","1,707.50","7.57K","-1.50%"
"Jun 02, 2020","1,749.70","1,766.20","1,771.00","1,743.40","4.99K","-0.79%"
"Jun 01, 2020","1,763.70","1,763.10","1,774.50","1,751.60","3.29K","-0.11%"
"May 29, 2020","1,765.70","1,748.70","1,767.10","1,740.70","6.42K","1.32%"
"May 28, 2020","1,742.70","1,737.50","1,757.30","1,734.30","4.17K","0.13%"
"May 27, 2020","1,740.50","1,738.80","1,743.30","1,714.80","6.08K","0.00%"
"May 26, 2020","1,740.50","1,761.00","1,768.00","1,734.80","6.03K","0.78%"
"May 25, 2020","1,727.00","1,730.55","1,731.35","1,719.25","-","-0.21%"
"May 24, 2020","1,730.65","1,735.45","1,735.90","1,729.80","-","-1.98%"
"May 22, 2020","1,765.60","1,755.90","1,768.30","1,750.60","8.36K","0.87%"
"May 21, 2020","1,750.40","1,778.80","1,779.80","1,743.80","5.87K","-1.76%"
"May 20, 2020","1,781.70","1,777.70","1,785.10","1,773.00","4.20K","0.47%"
"May 19, 2020","1,773.40","1,763.00","1,779.60","1,754.20","4.33K","0.73%"
"May 18, 2020","1,760.60","1,780.00","1,800.00","1,756.20","4.07K","-1.02%"
"May 15, 2020","1,778.70","1,760.10","1,783.00","1,758.00","5.54K","0.95%"
"May 14, 2020","1,762.00","1,743.30","1,765.10","1,735.00","4.05K","1.42%"
"May 13, 2020","1,737.30","1,726.60","1,744.50","1,721.00","6.18K","0.54%"
"May 12, 2020","1,728.00","1,721.10","1,737.20","1,717.00","5.81K","0.41%"
"May 11, 2020","1,720.90","1,727.70","1,734.20","1,714.20","6.37K","-0.82%"
"May 08, 2020","1,735.20","1,743.50","1,752.70","1,724.50","8.13K","-0.49%"
"May 07, 2020","1,743.70","1,706.40","1,750.50","1,704.50","8.26K","2.31%"
"May 06, 2020","1,704.40","1,730.50","1,733.40","1,698.80","5.81K","-1.37%"
"May 05, 2020","1,728.00","1,719.00","1,733.70","1,710.50","8.37K","0.12%"
"May 04, 2020","1,725.90","1,722.90","1,735.50","1,711.80","3.35K","0.81%"
"May 01, 2020","1,712.00","1,705.70","1,723.10","1,688.00","2.33K","0.42%"
"Apr 30, 2020","1,704.90","1,737.00","1,745.00","1,697.70","3.80K","-1.02%"
"Apr 29, 2020","1,722.40","1,735.00","1,741.80","1,718.00","1.90K","-0.51%"
"Apr 28, 2020","1,731.20","1,731.80","1,740.00","1,712.70","3.06K","-0.01%"
"Apr 27, 2020","1,731.40","1,746.70","1,753.00","1,726.80","2.90K","-0.59%"
"Apr 24, 2020","1,741.70","1,754.40","1,765.50","1,733.00","2.26K","-0.53%"
"Apr 23, 2020","1,751.00","1,741.40","1,769.20","1,736.00","3.79K","0.43%"
"Apr 22, 2020","1,743.50","1,707.60","1,747.10","1,700.00","2.50K","3.04%"
"Apr 21, 2020","1,692.10","1,717.60","1,720.80","1,670.30","2.73K","-1.35%"
"Apr 20, 2020","1,715.30","1,697.20","1,722.00","1,689.20","2.52K","0.74%"
"Apr 17, 2020","1,702.70","1,740.70","1,741.30","1,695.50","4.41K","-1.94%"
"Apr 16, 2020","1,736.30","1,744.00","1,771.20","1,727.60","3.83K","-0.48%"
"Apr 15, 2020","1,744.70","1,760.70","1,762.70","1,736.40","3.86K","-1.50%"
"Apr 14, 2020","1,771.20","1,768.00","1,789.50","1,750.00","7.09K","0.48%"
"Apr 13, 2020","1,762.70","1,741.60","1,773.50","1,725.00","4.15K","1.27%"
"Apr 10, 2020","1,740.60","1,740.60","1,740.60","1,740.60","-","-0.74%"
"Apr 09, 2020","1,753.60","1,679.20","1,754.30","1,679.20","9.30K","4.13%"
"Apr 08, 2020","1,684.10","1,680.10","1,693.90","1,673.90","3.33K","0.02%"
"Apr 07, 2020","1,683.70","1,713.10","1,740.80","1,674.30","7.05K","-0.56%"
"Apr 06, 2020","1,693.10","1,649.50","1,713.50","1,640.00","4.04K","2.83%"
"Apr 03, 2020","1,646.50","1,639.00","1,651.50","1,625.30","3.02K","0.46%"
"Apr 02, 2020","1,638.90","1,607.00","1,645.20","1,596.70","3.42K","2.91%"
"Apr 01, 2020","1,592.50","1,580.00","1,611.00","1,577.70","3.25K","-0.32%"
"Mar 31, 2020","1,597.60","1,640.10","1,642.20","1,590.80","3.35K","-2.83%"
"Mar 30, 2020","1,644.10","1,665.70","1,672.50","1,634.60","2.89K","-0.66%"
"Mar 27, 2020","1,655.00","1,653.60","1,659.30","1,631.90","6.37K","-0.42%"
"Mar 26, 2020","1,662.00","1,639.60","1,678.00","1,615.00","7.61K","1.76%"
"Mar 25, 2020","1,633.30","1,688.00","1,695.00","1,607.50","5.34K","-1.79%"
"Mar 24, 2020","1,663.00","1,578.00","1,691.40","1,578.00","9.56K","5.16%"
"Mar 23, 2020","1,581.40","1,520.00","1,583.70","1,498.90","3.14K","5.77%"
"Mar 20, 2020","1,495.10","1,468.00","1,530.00","1,468.00","4.16K","0.38%"
"Mar 19, 2020","1,489.40","1,496.60","1,508.00","1,476.90","2.21K","0.15%"
"Mar 18, 2020","1,487.10","1,547.00","1,551.10","1,485.20","2.49K","-3.06%"
"Mar 17, 2020","1,534.10","1,504.50","1,561.50","1,476.30","3.41K","2.70%"
"Mar 16, 2020","1,493.80","1,573.00","1,578.60","1,458.80","2.74K","-2.04%"
"Mar 13, 2020","1,524.90","1,592.60","1,604.20","1,514.30","2.51K","-4.62%"
"Mar 12, 2020","1,598.80","1,648.60","1,655.20","1,568.70","3.05K","-3.15%"
"Mar 11, 2020","1,650.80","1,657.90","1,677.60","1,641.70","4.20K","-1.09%"
"Mar 10, 2020","1,669.00","1,675.00","1,679.30","1,651.50","3.67K","-0.90%"
"Mar 09, 2020","1,684.10","1,700.00","1,712.10","1,668.10","3.54K","0.07%"
"Mar 06, 2020","1,683.00","1,683.60","1,703.60","1,657.70","4.50K","0.15%"
"Mar 05, 2020","1,680.40","1,653.40","1,687.20","1,653.00","2.37K","1.44%"
"Mar 04, 2020","1,656.50","1,660.10","1,661.10","1,647.30","3.92K","-0.14%"
"Mar 03, 2020","1,658.80","1,606.50","1,663.80","1,606.50","3.14K","3.05%"
"Mar 02, 2020","1,609.70","1,609.10","1,626.00","1,593.90","2.37K","1.65%"
"Feb 28, 2020","1,583.60","1,667.10","1,667.10","1,582.00","6.31K","-4.68%"
"Feb 27, 2020","1,661.40","1,668.00","1,680.30","1,656.00","3.96K","-0.09%"
"Feb 26, 2020","1,662.90","1,656.40","1,676.70","1,646.70","3.59K","-0.44%"
"Feb 25, 2020","1,670.20","1,681.60","1,681.60","1,650.00","3.36K","-1.59%"
"Feb 24, 2020","1,697.10","1,673.30","1,711.80","1,673.30","9.96K","1.68%"
"Feb 21, 2020","1,669.10","1,645.50","1,671.20","1,642.40","1.86K","1.72%"
"Feb 20, 2020","1,640.80","1,634.00","1,645.50","1,627.70","1.31K","0.53%"
"Feb 19, 2020","1,632.20","1,625.00","1,634.80","1,623.30","1.40K","0.50%"
"Feb 18, 2020","1,624.00","1,605.00","1,628.30","1,603.50","1.62K","2.33%"
"Feb 17, 2020","1,587.05","1,586.15","1,588.45","1,581.85","-","0.05%"
"Feb 16, 2020","1,586.25","1,585.50","1,586.25","1,583.45","-","-1.29%"
"Feb 14, 2020","1,606.90","1,601.00","1,608.40","1,597.30","1.56K","0.46%"
"Feb 13, 2020","1,599.60","1,594.40","1,602.00","1,594.00","1.73K","0.45%"
"Feb 12, 2020","1,592.40","1,590.80","1,593.90","1,587.50","2.05K","0.08%"
"Feb 11, 2020","1,591.10","1,597.30","1,597.90","1,587.10","1.86K","-0.60%"
"Feb 10, 2020","1,600.70","1,599.50","1,601.50","1,594.20","1.66K","0.36%"
"Feb 07, 2020","1,595.00","1,591.00","1,598.30","1,588.40","0.84K","0.21%"
"Feb 06, 2020","1,591.70","1,580.70","1,592.40","1,579.30","1.31K","0.44%"
"Feb 05, 2020","1,584.70","1,579.40","1,587.00","1,573.00","2.05K","0.46%"
"Feb 04, 2020","1,577.50","1,602.30","1,602.30","1,576.00","1.84K","-1.65%"
"Feb 03, 2020","1,604.00","1,618.80","1,619.60","1,595.00","1.02K","-0.34%"
"Jan 31, 2020","1,609.40","1,599.70","1,615.30","1,597.70","3.06K","-0.08%"
"Jan 30, 2020","1,610.70","1,601.60","1,612.00","1,599.00","1.50K","0.80%"
"Jan 29, 2020","1,597.90","1,594.50","1,603.60","1,589.30","4.24K","0.06%"
"Jan 28, 2020","1,596.90","1,606.70","1,607.10","1,593.40","10.91K","-0.48%"
"Jan 27, 2020","1,604.60","1,610.00","1,612.80","1,602.80","1.93K","0.35%"
"Jan 24, 2020","1,599.00","1,589.10","1,601.40","1,584.00","2.62K","0.43%"
"Jan 23, 2020","1,592.10","1,585.00","1,593.50","1,580.10","1.75K","0.54%"
"Jan 22, 2020","1,583.50","1,583.10","1,585.50","1,577.60","1.96K","-0.08%"
"Jan 21, 2020","1,584.70","1,584.00","1,593.80","1,573.60","2.14K","1.50%"
"Jan 20, 2020","1,561.25","1,557.20","1,562.70","1,556.65","-","0.27%"
"Jan 19, 2020","1,557.05","1,557.40","1,559.05","1,556.45","-","-1.90%"
"Jan 17, 2020","1,587.20","1,578.60","1,588.00","1,577.10","1.54K","0.65%"
"Jan 16, 2020","1,576.90","1,580.40","1,583.40","1,575.00","1.86K","-0.22%"
"Jan 15, 2020","1,580.30","1,575.90","1,582.20","1,573.40","2.10K","0.58%"
"Jan 14, 2020","1,571.20","1,573.20","1,573.90","1,563.40","1.76K","-0.40%"
"Jan 13, 2020","1,577.50","1,586.80","1,586.80","1,574.90","2.70K","-0.60%"
"Jan 10, 2020","1,587.00","1,577.60","1,589.60","1,574.10","2.73K","0.35%"
"Jan 09, 2020","1,581.40","1,583.00","1,587.50","1,570.20","1.43K","-0.35%"
"Jan 08, 2020","1,587.00","1,603.30","1,637.90","1,581.50","3.32K","-0.89%"
"Jan 07, 2020","1,601.30","1,594.50","1,605.50","1,586.50","2.57K","0.33%"
"Jan 06, 2020","1,596.10","1,590.20","1,615.30","1,590.00","2.80K","1.04%"
"Jan 03, 2020","1,579.60","1,561.60","1,583.60","1,561.60","5.12K","1.57%"
"Jan 02, 2020","1,555.20","1,548.70","1,559.50","1,548.20","1.25K","2.25%"
"Jan 01, 2020","1,520.95","1,520.85","1,523.95","1,520.85","-","-1.91%"
"Dec 31, 2019","1,550.60","1,546.70","1,555.00","1,546.40","0.67K","0.34%"
"Dec 30, 2019","1,545.40","1,543.90","1,545.50","1,540.10","0.46K","0.06%"
"Dec 27, 2019","1,544.40","1,540.70","1,545.00","1,540.00","0.29K","0.27%"
"Dec 26, 2019","1,540.30","1,528.90","1,543.00","1,528.40","1.02K","2.41%"
"Dec 25, 2019","1,504.05","1,504.40","1,504.40","1,502.15","-","-1.73%"
"Dec 24, 2019","1,530.50","1,518.60","1,530.10","1,518.60","0.45K","1.06%"
"Dec 23, 2019","1,514.40","1,510.70","1,514.90","1,510.70","0.39K","0.53%"
"Dec 20, 2019","1,506.40","1,508.10","1,510.00","1,505.20","0.44K","-0.24%"
"Dec 19, 2019","1,510.00","1,505.40","1,510.40","1,503.50","0.57K","0.38%"
"Dec 18, 2019","1,504.30","1,506.40","1,508.50","1,501.70","1.56K","-0.17%"
"Dec 17, 2019","1,506.80","1,505.80","1,510.00","1,505.00","0.21K","0.01%"
"Dec 16, 2019","1,506.70","1,505.40","1,509.40","1,503.90","0.42K","-0.01%"
"Dec 13, 2019","1,506.90","1,493.00","1,507.90","1,493.00","0.47K","0.63%"
"Dec 12, 2019","1,497.50","1,511.20","1,514.00","1,494.10","0.17K","-0.17%"
"Dec 11, 2019","1,500.10","1,500.00","1,507.00","1,497.50","0.14K","0.46%"
"Dec 10, 2019","1,493.20","1,490.60","1,496.00","1,489.70","0.14K","0.23%"
"Dec 09, 2019","1,489.80","1,493.20","1,493.20","1,489.40","0.30K","-0.01%"
"Dec 06, 2019","1,489.90","1,503.00","1,506.00","1,488.00","0.44K","-1.17%"
"Dec 05, 2019","1,507.50","1,505.00","1,508.00","1,503.00","0.23K","0.20%"
"Dec 04, 2019","1,504.50","1,509.10","1,513.50","1,502.50","0.46K","-0.27%"
"Dec 03, 2019","1,508.60","1,491.10","1,510.30","1,491.10","0.45K","1.04%"
"Dec 02, 2019","1,493.10","1,494.00","1,495.30","1,485.00","0.17K","-0.23%"
"Nov 29, 2019","1,496.60","1,488.00","1,495.40","1,484.20","0.19K","2.35%"
"Nov 28, 2019","1,462.25","1,463.25","1,464.55","1,460.75","-","-1.49%"
"Nov 27, 2019","1,484.40","1,489.20","1,490.20","1,483.90","0.22K","-0.44%"
"Nov 26, 2019","1,491.00","1,484.30","1,492.00","1,481.00","0.31K","0.19%"
"Nov 25, 2019","1,488.10","1,490.90","1,492.00","1,485.20","0.94K","-0.42%"
"Nov 22, 2019","1,494.40","1,497.70","1,502.30","1,492.00","0.70K","0.03%"
"Nov 21, 2019","1,494.00","1,505.50","1,505.70","1,494.00","0.49K","-0.70%"
"Nov 20, 2019","1,504.50","1,505.50","1,509.20","1,498.00","0.69K","-0.02%"
"Nov 19, 2019","1,504.80","1,501.30","1,506.10","1,497.00","1.03K","0.16%"
"Nov 18, 2019","1,502.40","1,498.40","1,502.80","1,488.80","0.82K","0.22%"
"Nov 15, 2019","1,499.10","1,496.30","1,499.90","1,495.90","0.07K","-0.33%"
"Nov 14, 2019","1,504.00","1,495.10","1,504.70","1,494.80","0.84K","0.68%"
"Nov 13, 2019","1,493.90","1,489.90","1,498.10","1,489.90","0.74K","0.65%"
"Nov 12, 2019","1,484.20","1,487.80","1,488.50","1,480.00","0.93K","-0.26%"
"Nov 11, 2019","1,488.00","1,494.00","1,494.00","1,480.10","0.73K","-0.55%"
"Nov 08, 2019","1,496.30","1,500.50","1,503.00","1,488.80","0.35K","-0.09%"
"Nov 07, 2019","1,497.70","1,520.10","1,520.10","1,495.10","1.32K","-1.72%"
"Nov 06, 2019","1,523.90","1,516.70","1,525.40","1,516.10","0.69K","0.62%"
"Nov 05, 2019","1,514.50","1,535.00","1,535.00","1,513.00","1.77K","-1.76%"
"Nov 04, 2019","1,541.60","1,544.80","1,544.80","1,541.00","0.83K","0.02%"
"Nov 01, 2019","1,541.30","1,542.10","1,545.00","1,538.00","0.20K","-0.17%"
"Oct 31, 2019","1,544.00","1,527.00","1,545.00","1,527.00","0.17K","1.15%"
"Oct 30, 2019","1,526.50","1,520.80","1,526.50","1,513.20","1.90K","0.39%"
"Oct 29, 2019","1,520.60","1,524.20","1,524.20","1,515.50","0.22K","-0.34%"
"Oct 28, 2019","1,525.80","1,535.70","1,536.20","1,523.50","0.16K","-0.61%"
"Oct 25, 2019","1,535.10","1,537.50","1,549.90","1,535.00","0.07K","0.08%"
"Oct 24, 2019","1,533.90","1,524.30","1,534.70","1,522.00","0.28K","0.59%"
"Oct 23, 2019","1,524.90","1,522.00","1,526.10","1,522.00","0.03K","0.55%"
"Oct 22, 2019","1,516.60","1,517.30","1,519.00","1,515.00","0.01K","-0.05%"
"Oct 21, 2019","1,517.30","1,524.90","1,524.90","1,515.00","0.11K","-0.37%"
"Oct 18, 2019","1,523.00","1,526.10","1,526.10","1,519.50","0.16K","-0.31%"
"Oct 17, 2019","1,527.80","1,519.90","1,527.60","1,519.90","0.21K","0.29%"
"Oct 16, 2019","1,523.40","1,515.50","1,522.20","1,510.00","0.20K","0.68%"
"Oct 15, 2019","1,513.10","1,522.90","1,524.50","1,513.00","0.23K","-0.92%"
"Oct 14, 2019","1,527.10","1,529.00","1,530.00","1,524.40","0.03K","0.61%"
"Oct 11, 2019","1,517.80","1,533.70","1,534.60","1,508.00","1.04K","-0.78%"
"Oct 10, 2019","1,529.70","1,548.00","1,548.00","1,526.00","0.13K","-0.74%"
"Oct 09, 2019","1,541.10","1,539.70","1,543.00","1,535.00","0.43K","0.60%"
"Oct 08, 2019","1,531.90","1,524.20","1,540.00","1,522.60","0.43K","-0.04%"
"Oct 07, 2019","1,532.50","1,538.90","1,538.90","1,522.20","0.16K","-0.53%"
"Oct 04, 2019","1,540.70","1,541.30","1,541.30","1,530.20","0.07K","-0.04%"
"Oct 03, 2019","1,541.30","1,536.80","1,551.80","1,535.20","0.45K","0.29%"
"Oct 02, 2019","1,536.80","1,512.80","1,536.30","1,509.90","0.34K","1.24%"
"Oct 01, 2019","1,518.00","1,502.60","1,520.00","1,499.00","0.22K","1.05%"
"Sep 30, 2019","1,502.30","1,533.00","1,533.00","1,500.10","0.51K","-2.20%"
"Sep 27, 2019","1,536.10","1,538.30","1,538.30","1,525.70","0.17K","-0.58%"
"Sep 26, 2019","1,545.00","1,538.90","1,547.00","1,538.00","0.25K","0.19%"
"Sep 25, 2019","1,542.00","1,572.00","1,572.00","1,539.10","0.25K","-1.79%"
"Sep 24, 2019","1,570.10","1,560.10","1,573.00","1,554.90","0.51K","0.54%"
"Sep 23, 2019","1,561.60","1,556.60","1,562.50","1,556.60","0.02K","1.05%"
"Sep 20, 2019","1,545.30","1,537.80","1,553.50","1,537.80","0.10K","0.58%"
"Sep 19, 2019","1,536.40","1,528.80","1,540.40","1,528.80","0.16K","-0.63%"
"Sep 18, 2019","1,546.10","1,538.90","1,549.00","1,530.40","0.50K","0.13%"
"Sep 17, 2019","1,544.10","1,538.80","1,542.30","1,538.80","0.01K","0.12%"
"Sep 16, 2019","1,542.30","1,542.60","1,546.50","1,536.40","0.69K","0.76%"
"Sep 13, 2019","1,530.70","1,543.40","1,543.40","1,525.60","0.18K","-0.46%"
"Sep 12, 2019","1,537.80","1,530.40","1,558.60","1,530.40","0.41K","0.35%"
"Sep 11, 2019","1,532.40","1,528.80","1,534.40","1,528.80","0.04K","0.28%"
"Sep 10, 2019","1,528.10","1,531.90","1,532.60","1,524.90","0.16K","-0.75%"
"Sep 09, 2019","1,539.60","1,540.10","1,546.60","1,534.10","0.24K","-0.24%"
"Sep 06, 2019","1,543.30","1,551.00","1,559.90","1,539.20","0.06K","-0.62%"
"Sep 05, 2019","1,552.90","1,579.50","1,584.10","1,544.90","0.10K","-2.17%"
"Sep 04, 2019","1,587.40","1,582.70","1,590.70","1,572.00","0.34K","0.27%"
"Sep 03, 2019","1,583.20","1,562.80","1,583.90","1,561.20","0.24K","3.13%"
"Sep 02, 2019","1,535.15","1,537.95","1,540.05","1,528.15","-","-0.19%"
"Sep 01, 2019","1,538.05","1,535.25","1,542.90","1,535.25","-","-1.23%"
"Aug 30, 2019","1,557.20","1,564.10","1,566.90","1,555.00","0.45K","-0.43%"
"Aug 29, 2019","1,564.00","1,571.90","1,578.80","1,562.00","0.25K","-0.72%"
"Aug 28, 2019","1,575.30","1,572.30","1,578.00","1,571.60","0.24K","-0.17%"
"Aug 27, 2019","1,578.00","1,566.20","1,579.30","1,564.60","0.17K","0.95%"
"Aug 26, 2019","1,563.10","1,584.50","1,584.50","1,563.20","0.07K","-0.03%"
"Aug 23, 2019","1,563.50","1,539.00","1,563.50","1,537.30","0.26K","1.90%"
"Aug 22, 2019","1,534.40","1,534.30","1,538.80","1,530.50","0.25K","-0.46%"
"Aug 21, 2019","1,541.50","1,532.70","1,540.60","1,532.70","0.56K","0.01%"
"Aug 20, 2019","1,541.30","1,530.20","1,540.70","1,530.20","0.17K","0.27%"
"Aug 19, 2019","1,537.20","1,543.90","1,543.90","1,531.00","0.35K","-0.77%"
"Aug 16, 2019","1,549.20","1,557.40","1,557.70","1,541.30","0.16K","-0.48%"
"Aug 15, 2019","1,556.70","1,553.00","1,561.20","1,546.00","0.29K","0.17%"
"Aug 14, 2019","1,554.00","1,538.50","1,553.10","1,532.60","0.24K","0.86%"
"Aug 13, 2019","1,540.70","1,556.20","1,571.70","1,523.10","0.07K","-0.15%"
"Aug 12, 2019","1,543.00","1,536.00","1,550.10","1,526.40","0.16K","0.55%"
"Aug 09, 2019","1,534.50","1,542.80","1,543.80","1,535.00","0.09K","-0.03%"
"Aug 08, 2019","1,535.00","1,533.00","1,542.10","1,532.60","0.06K","-0.62%"
"Aug 07, 2019","1,544.60","1,510.60","1,547.70","1,510.60","0.11K","2.31%"
"Aug 06, 2019","1,509.70","1,507.20","1,511.10","1,498.60","0.14K","0.47%"
"Aug 05, 2019","1,502.60","1,487.40","1,505.00","1,487.40","0.07K","1.16%"
"Aug 02, 2019","1,485.30","1,476.20","1,476.20","1,476.20","0.08K","1.63%"
"Aug 01, 2019","1,461.50","1,450.80","1,485.60","1,443.30","0.15K","-0.33%"
"Jul 31, 2019","1,466.30","1,460.50","1,469.60","1,452.90","0.13K","-0.27%"
"Jul 30, 2019","1,470.30","1,469.00","1,472.40","1,469.00","0.02K","0.59%"
"Jul 29, 2019","1,461.70","1,461.70","1,461.70","1,461.70","1.05K","0.09%"
"Jul 26, 2019","1,460.40","1,460.40","1,460.40","1,460.40","0.56K","0.41%"
"Jul 25, 2019","1,454.40","1,465.10","1,468.00","1,456.10","0.81K","-0.58%"
"Jul 24, 2019","1,462.90","1,467.20","1,467.20","1,467.20","0.04K","0.14%"
"Jul 23, 2019","1,460.80","1,458.60","1,459.60","1,458.60","0.25K","-0.35%"
"Jul 22, 2019","1,466.00","1,466.00","1,466.00","1,466.00","0.61K","0.03%"
"Jul 19, 2019","1,465.50","1,483.30","1,487.40","1,461.50","0.02K","-0.12%"
"Jul 18, 2019","1,467.20","1,464.40","1,488.50","1,459.40","0.02K","0.32%"
"Jul 17, 2019","1,462.50","1,455.00","1,467.30","1,455.00","0.02K","0.85%"
"Jul 16, 2019","1,450.20","1,453.40","1,453.40","1,453.40","0.02K","-0.14%"
"Jul 15, 2019","1,452.30","1,452.30","1,452.30","1,452.30","0.99K","0.10%"
"Jul 12, 2019","1,450.90","1,450.90","1,450.90","1,450.90","0.05K","0.39%"
"Jul 11, 2019","1,445.30","1,461.40","1,467.20","1,461.40","0.01K","-0.36%"
"Jul 10, 2019","1,450.50","1,450.50","1,450.50","1,450.50","0.07K","0.85%"
"Jul 09, 2019","1,438.30","1,430.60","1,430.80","1,430.60","0.02K","0.07%"
"Jul 08, 2019","1,437.30","1,436.90","1,436.90","1,436.90","0.05K","0.05%"
"Jul 05, 2019","1,436.60","1,428.00","1,433.00","1,428.00","0.02K","0.92%"
"Jul 04, 2019","1,423.55","1,421.25","1,426.65","1,412.85","-","-2.23%"
"Jul 03, 2019","1,456.00","1,465.50","1,465.50","1,461.90","0.00K","0.91%"
"Jul 02, 2019","1,442.80","1,428.60","1,428.60","1,428.60","0.07K","1.35%"
"Jul 01, 2019","1,423.60","1,444.00","1,444.00","1,424.40","0.01K","-1.60%"
"Jun 28, 2019","1,446.80","1,451.00","1,451.00","1,445.70","0.06K","0.16%"
"Jun 27, 2019","1,444.50","1,444.50","1,444.50","1,444.50","0.06K","-0.23%"
"Jun 26, 2019","1,447.80","1,441.90","1,445.40","1,440.50","0.04K","-0.24%"
"Jun 25, 2019","1,451.30","1,461.30","1,473.90","1,448.70","0.09K","0.03%"
"Jun 24, 2019","1,450.90","1,439.10","1,449.60","1,439.00","0.01K","1.27%"
"Jun 21, 2019","1,432.70","1,444.00","1,444.00","1,419.60","0.02K","0.23%"
"Jun 20, 2019","1,429.40","1,419.10","1,428.70","1,417.40","0.41K","3.25%"
"Jun 19, 2019","1,384.40","1,382.10","1,382.10","1,382.10","0.09K","-0.22%"
"Jun 18, 2019","1,387.40","1,379.70","1,394.50","1,379.70","0.18K","0.57%"
"Jun 17, 2019","1,379.60","1,379.70","1,384.20","1,379.70","0.02K","-0.14%"
"Jun 14, 2019","1,381.50","1,389.20","1,389.20","1,379.80","0.04K","0.06%"
"Jun 13, 2019","1,380.70","1,378.30","1,378.70","1,378.30","0.00K","0.50%"
"Jun 12, 2019","1,373.80","1,373.80","1,373.80","1,373.80","0.01K","0.35%"
"Jun 11, 2019","1,369.00","1,369.00","1,369.00","1,369.00","1.01K","0.15%"
"Jun 10, 2019","1,366.90","1,378.00","1,378.00","1,367.00","0.01K","-1.09%"
"Jun 07, 2019","1,381.90","1,388.50","1,388.50","1,382.40","0.05K","0.25%"
"Jun 06, 2019","1,378.50","1,370.00","1,370.00","1,370.00","0.09K","0.61%"
"Jun 05, 2019","1,370.20","1,376.60","1,376.60","1,368.80","0.16K","0.27%"
"Jun 04, 2019","1,366.50","1,366.50","1,366.50","1,366.50","0.03K","0.09%"
"Jun 03, 2019","1,365.30","1,356.50","1,356.50","1,356.50","0.07K","1.16%"
"May 31, 2019","1,349.60","1,342.90","1,347.80","1,342.90","0.22K","1.25%"
"May 30, 2019","1,332.90","1,332.40","1,332.40","1,332.40","0.33K","0.48%"
"May 29, 2019","1,326.50","1,327.80","1,327.80","1,327.80","0.00K","0.24%"
"May 28, 2019","1,323.30","1,322.60","1,322.60","1,322.60","0.12K","2.98%"
"May 27, 2019","1,284.95","1,284.25","1,286.85","1,283.25","-","0.06%"
"May 26, 2019","1,284.15","1,284.20","1,285.15","1,283.65","-","-3.45%"
"May 24, 2019","1,330.10","1,329.20","1,329.20","1,329.20","0.00K","-0.13%"
"May 23, 2019","1,331.80","1,328.40","1,328.40","1,328.40","0.00K","0.79%"
"May 22, 2019","1,321.30","1,321.30","1,321.30","1,321.30","0.02K","0.09%"
"May 21, 2019","1,320.10","1,320.10","1,320.10","1,320.10","0.10K","-0.31%"
"May 20, 2019","1,324.20","1,324.20","1,324.20","1,324.20","0.08K","0.13%"
"May 17, 2019","1,322.50","1,322.50","1,322.50","1,322.50","0.21K","-0.80%"
"May 16, 2019","1,333.10","1,333.10","1,333.10","1,333.10","0.11K","-0.85%"
"May 15, 2019","1,344.50","1,344.50","1,344.50","1,344.50","0.06K","0.08%"
"May 14, 2019","1,343.40","1,343.40","1,343.40","1,343.40","0.20K","-0.50%"
"May 13, 2019","1,350.20","1,350.20","1,350.20","1,350.20","0.12K","0.97%"
"May 10, 2019","1,337.20","1,337.20","1,337.20","1,337.20","0.05K","0.16%"
"May 09, 2019","1,335.10","1,335.10","1,335.10","1,335.10","0.04K","0.28%"
"May 08, 2019","1,331.40","1,338.00","1,338.00","1,338.00","0.05K","-0.33%"
"May 07, 2019","1,335.80","1,335.80","1,335.80","1,335.80","0.12K","0.13%"
"May 06, 2019","1,334.00","1,334.00","1,334.00","1,334.00","0.01K","0.17%"
"May 03, 2019","1,331.70","1,331.70","1,331.70","1,331.70","0.02K","0.72%"
"May 02, 2019","1,322.20","1,323.00","1,323.00","1,323.00","0.00K","-0.90%"
"May 01, 2019","1,334.20","1,334.20","1,334.20","1,334.20","0.26K","-0.11%"
"Apr 30, 2019","1,335.70","1,335.70","1,335.70","1,335.70","0.21K","0.31%"
"Apr 29, 2019","1,331.60","1,331.60","1,331.60","1,331.60","0.14K","-0.57%"
"Apr 26, 2019","1,339.20","1,339.20","1,339.20","1,339.20","0.38K","0.68%"
"Apr 25, 2019","1,330.20","1,330.20","1,330.20","1,330.20","0.00K","0.02%"
"Apr 24, 2019","1,329.90","1,329.90","1,329.90","1,329.90","0.15K","0.46%"
"Apr 23, 2019","1,323.80","1,323.80","1,323.80","1,323.80","0.01K","-0.35%"
"Apr 22, 2019","1,328.50","1,328.50","1,328.50","1,328.50","0.00K","3.96%"
"Apr 19, 2019","1,277.90","1,277.90","1,277.90","1,277.90","-","-3.69%"
"Apr 18, 2019","1,326.90","1,326.90","1,326.90","1,326.90","0.08K","-0.05%"
"Apr 17, 2019","1,327.60","1,327.60","1,327.60","1,327.60","0.06K","-0.04%"
"Apr 16, 2019","1,328.10","1,329.10","1,329.10","1,329.00","0.05K","-1.07%"
"Apr 15, 2019","1,342.40","1,342.40","1,342.40","1,342.40","0.02K","-0.29%"
"Apr 12, 2019","1,346.30","1,346.30","1,346.30","1,346.30","0.23K","0.22%"
"Apr 11, 2019","1,343.40","1,356.60","1,356.60","1,356.60","0.00K","-1.50%"
"Apr 10, 2019","1,363.90","1,363.90","1,363.90","1,363.90","0.08K","0.40%"
"Apr 09, 2019","1,358.40","1,358.40","1,358.40","1,358.40","0.00K","0.48%"
"Apr 08, 2019","1,351.90","1,351.90","1,351.90","1,351.90","0.00K","0.50%"
"Apr 05, 2019","1,345.20","1,345.20","1,345.20","1,345.20","0.05K","0.13%"
"Apr 04, 2019","1,343.50","1,343.50","1,343.50","1,343.50","0.04K","-0.04%"
"Apr 03, 2019","1,344.00","1,344.00","1,344.00","1,344.00","0.05K","0.01%"
"Apr 02, 2019","1,343.90","1,340.80","1,343.20","1,340.80","0.00K","0.09%"
"Apr 01, 2019","1,342.70","1,342.70","1,342.70","1,342.70","0.03K","-0.25%"
"Mar 29, 2019","1,346.00","1,354.10","1,354.10","1,354.10","0.00K","0.27%"
"Mar 28, 2019","1,342.40","1,348.00","1,348.00","1,342.20","0.01K","-1.57%"
"Mar 27, 2019","1,363.80","1,363.80","1,363.80","1,363.80","0.04K","-0.40%"
"Mar 26, 2019","1,369.30","1,369.30","1,369.30","1,369.30","0.01K","-0.64%"
"Mar 25, 2019","1,378.10","1,378.10","1,378.10","1,378.10","0.10K","0.64%"
"Mar 22, 2019","1,369.30","1,368.20","1,368.20","1,368.20","0.03K","0.35%"
"Mar 21, 2019","1,364.50","1,364.50","1,364.50","1,364.50","0.12K","0.37%"
"Mar 20, 2019","1,359.50","1,359.50","1,359.50","1,359.50","0.02K","-0.38%"
"Mar 19, 2019","1,364.70","1,364.70","1,364.70","1,364.70","0.00K","0.39%"
"Mar 18, 2019","1,359.40","1,359.40","1,359.40","1,359.40","0.01K","-0.09%"
"Mar 15, 2019","1,360.60","1,360.60","1,360.60","1,360.60","0.01K","0.57%"
"Mar 14, 2019","1,352.90","1,352.90","1,352.90","1,352.90","0.23K","-1.11%"
"Mar 13, 2019","1,368.10","1,368.10","1,368.10","1,368.10","0.02K","0.85%"
"Mar 12, 2019","1,356.60","1,356.60","1,356.60","1,356.60","0.08K","0.49%"
"Mar 11, 2019","1,350.00","1,350.00","1,350.00","1,350.00","0.00K","-0.63%"
"Mar 08, 2019","1,358.50","1,358.50","1,358.50","1,358.50","0.00K","1.01%"
"Mar 07, 2019","1,344.90","1,344.90","1,344.90","1,344.90","0.04K","-0.12%"
"Mar 06, 2019","1,346.50","1,346.50","1,346.50","1,346.50","0.00K","0.22%"
"Mar 05, 2019","1,343.50","1,343.50","1,343.50","1,343.50","0.00K","-0.21%"
"Mar 04, 2019","1,346.30","1,346.30","1,346.30","1,346.30","0.02K","-0.88%"
"Mar 01, 2019","1,358.30","1,358.30","1,358.30","1,358.30","0.13K","-1.24%"
"Feb 28, 2019","1,375.30","1,374.00","1,374.00","1,374.00","0.01K","-0.38%"
"Feb 27, 2019","1,380.50","1,380.50","1,380.50","1,380.50","0.00K","-0.53%"
"Feb 26, 2019","1,387.90","1,387.90","1,387.90","1,387.90","0.00K","-0.08%"
"Feb 25, 2019","1,389.00","1,389.00","1,389.00","1,389.00","0.00K","-0.25%"
"Feb 22, 2019","1,392.50","1,392.50","1,392.50","1,392.50","0.02K","0.38%"
"Feb 21, 2019","1,387.20","1,388.00","1,388.00","1,388.00","0.03K","-1.39%"
"Feb 20, 2019","1,406.70","1,406.70","1,406.70","1,406.70","0.15K","0.20%"
"Feb 19, 2019","1,403.90","1,403.90","1,403.90","1,403.90","0.04K","5.59%"
"Feb 18, 2019","1,329.55","1,324.35","1,330.75","1,324.05","-","0.40%"
"Feb 17, 2019","1,324.25","1,324.65","1,324.95","1,323.85","-","-4.12%"
"Feb 15, 2019","1,381.20","1,381.20","1,381.20","1,381.20","0.03K","0.58%"
"Feb 14, 2019","1,373.20","1,373.20","1,373.20","1,373.20","0.07K","-0.10%"
"Feb 13, 2019","1,374.60","1,374.60","1,374.60","1,374.60","0.05K","0.10%"
"Feb 12, 2019","1,373.20","1,373.20","1,373.20","1,373.20","0.00K","0.15%"
"Feb 11, 2019","1,371.20","1,371.20","1,371.20","1,371.20","0.03K","-0.48%"
"Feb 08, 2019","1,377.80","1,377.80","1,377.80","1,377.80","0.05K","0.31%"
"Feb 07, 2019","1,373.60","1,373.60","1,373.60","1,373.60","0.00K","-0.01%"
"Feb 06, 2019","1,373.80","1,373.80","1,373.80","1,373.80","0.00K","-0.35%"
"Feb 05, 2019","1,378.60","1,378.60","1,378.60","1,378.60","0.04K","0.02%"
"Feb 04, 2019","1,378.30","1,378.30","1,378.30","1,378.30","0.00K","-0.20%"
"Feb 01, 2019","1,381.10","1,382.60","1,382.60","1,382.60","0.01K","-0.21%"
"Jan 31, 2019","1,384.00","1,384.00","1,384.00","1,384.00","0.08K","0.59%"
"Jan 30, 2019","1,375.90","1,377.60","1,377.60","1,377.60","0.06K","0.02%"
"Jan 29, 2019","1,375.60","1,375.60","1,375.60","1,375.60","0.20K","0.42%"
"Jan 28, 2019","1,369.80","1,369.80","1,369.80","1,369.80","0.00K","0.43%"
"Jan 25, 2019","1,364.00","1,360.00","1,360.00","1,360.00","0.01K","1.42%"
"Jan 24, 2019","1,344.90","1,344.90","1,344.90","1,344.90","0.05K","-0.33%"
"Jan 23, 2019","1,349.30","1,349.30","1,349.30","1,349.30","0.02K","0.07%"
"Jan 22, 2019","1,348.40","1,348.40","1,348.40","1,348.40","0.15K","5.42%"
"Jan 21, 2019","1,279.05","1,281.95","1,282.95","1,276.15","-","-0.23%"
"Jan 20, 2019","1,282.05","1,281.30","1,282.70","1,280.50","-","-4.90%"
"Jan 18, 2019","1,348.10","1,348.10","1,348.10","1,348.10","0.00K","-0.72%"
"Jan 17, 2019","1,357.90","1,357.90","1,357.90","1,357.90","0.03K","-0.10%"
"Jan 16, 2019","1,359.30","1,359.30","1,359.30","1,359.30","0.00K","0.41%"
"Jan 15, 2019","1,353.70","1,353.70","1,353.70","1,353.70","0.01K","-0.26%"
"Jan 14, 2019","1,357.20","1,357.20","1,357.20","1,357.20","0.40K","0.13%"
"Jan 11, 2019","1,355.40","1,355.40","1,355.40","1,355.40","0.05K","0.18%"
"Jan 10, 2019","1,353.00","1,353.00","1,353.00","1,353.00","0.55K","-0.32%"
"Jan 09, 2019","1,357.30","1,357.30","1,357.30","1,357.30","0.10K","0.46%"
"Jan 08, 2019","1,351.10","1,351.10","1,351.10","1,351.10","0.00K","-0.30%"
"Jan 07, 2019","1,355.20","1,355.20","1,355.20","1,355.20","0.01K","0.31%"
"Jan 04, 2019","1,351.00","1,351.80","1,351.80","1,351.80","0.00K","-0.65%"
"Jan 03, 2019","1,359.80","1,359.80","1,359.80","1,359.80","0.01K","0.76%"
"Jan 02, 2019","1,349.50","1,349.50","1,349.50","1,349.50","0.10K","5.15%"
"Jan 01, 2019","1,283.35","1,284.70","1,284.75","1,282.85","-","-4.73%"
"Dec 31, 2018","1,347.10","1,347.10","1,347.10","1,347.10","0.05K","-0.09%"
"Dec 28, 2018","1,348.30","1,348.30","1,348.30","1,348.30","0.08K","0.13%"
"Dec 27, 2018","1,346.50","1,346.50","1,346.50","1,346.50","0.03K","0.61%"
"Dec 26, 2018","1,338.30","1,343.00","1,343.00","1,343.00","0.00K","5.32%"
"Dec 25, 2018","1,270.75","1,272.50","1,274.55","1,270.65","-","-4.96%"
"Dec 24, 2018","1,337.00","1,337.00","1,337.00","1,337.00","0.03K","1.05%"
"Dec 21, 2018","1,323.10","1,323.10","1,323.10","1,323.10","0.06K","-0.75%"
"Dec 20, 2018","1,333.10","1,333.10","1,333.10","1,333.10","0.01K","0.89%"
"Dec 19, 2018","1,321.30","1,321.30","1,321.30","1,321.30","0.27K","0.21%"
"Dec 18, 2018","1,318.50","1,318.50","1,318.50","1,318.50","0.03K","0.08%"
"Dec 17, 2018","1,317.40","1,317.40","1,317.40","1,317.40","0.01K","0.80%"
"Dec 14, 2018","1,307.00","1,307.00","1,307.00","1,307.00","0.03K","-0.47%"
"Dec 13, 2018","1,313.20","1,313.20","1,313.20","1,313.20","0.19K","-0.20%"
"Dec 12, 2018","1,315.80","1,315.80","1,315.80","1,315.80","0.07K","0.22%"
"Dec 11, 2018","1,312.90","1,312.90","1,312.90","1,312.90","0.00K","-0.14%"
"Dec 10, 2018","1,314.80","1,314.80","1,314.80","1,314.80","0.09K","-0.36%"
"Dec 07, 2018","1,319.50","1,319.50","1,319.50","1,319.50","0.00K","0.71%"
"Dec 06, 2018","1,310.20","1,313.90","1,313.90","1,309.50","0.00K","0.05%"
"Dec 05, 2018","1,309.60","1,309.60","1,309.60","1,309.60","0.00K","-0.30%"
"Dec 04, 2018","1,313.60","1,313.60","1,313.60","1,313.60","0.02K","0.55%"
"Dec 03, 2018","1,306.40","1,306.40","1,306.40","1,306.40","0.05K","1.06%"
"Nov 30, 2018","1,292.70","1,289.70","1,289.70","1,289.70","0.00K","-0.33%"
"Nov 29, 2018","1,297.00","1,297.00","1,297.00","1,297.00","0.00K","0.05%"
"Nov 28, 2018","1,296.40","1,296.40","1,296.40","1,296.40","0.00K","0.77%"
"Nov 27, 2018","1,286.50","1,286.50","1,286.50","1,286.50","0.01K","-0.72%"
"Nov 26, 2018","1,295.80","1,295.80","1,295.80","1,295.80","0.00K","-0.02%"
"Nov 23, 2018","1,296.10","1,296.10","1,296.10","1,296.10","0.06K","5.55%"
"Nov 22, 2018","1,228.00","1,226.40","1,229.70","1,225.50","-","-5.60%"
"Nov 21, 2018","1,300.80","1,300.80","1,300.80","1,300.80","0.34K","0.57%"
"Nov 20, 2018","1,293.40","1,293.40","1,293.40","1,293.40","0.01K","-0.32%"
"Nov 19, 2018","1,297.50","1,297.50","1,297.50","1,297.50","0.10K","0.20%"
"Nov 16, 2018","1,294.90","1,294.90","1,294.90","1,294.90","0.00K","0.57%"
"Nov 15, 2018","1,287.60","1,287.60","1,287.60","1,287.60","0.01K","0.34%"
"Nov 14, 2018","1,283.20","1,283.20","1,283.20","1,283.20","0.33K","0.67%"
"Nov 13, 2018","1,274.70","1,274.70","1,274.70","1,274.70","0.01K","-0.16%"
"Nov 12, 2018","1,276.80","1,276.80","1,276.80","1,276.80","0.03K","-0.42%"
"Nov 09, 2018","1,282.20","1,282.20","1,282.20","1,282.20","0.08K","-1.32%"
"Nov 08, 2018","1,299.30","1,299.30","1,299.30","1,299.30","0.00K","-0.27%"
"Nov 07, 2018","1,302.80","1,302.80","1,302.80","1,302.80","0.00K","0.18%"
"Nov 06, 2018","1,300.40","1,300.40","1,300.40","1,300.40","0.01K","-0.46%"
"Nov 05, 2018","1,306.40","1,306.40","1,306.40","1,306.40","0.05K","-0.07%"
"Nov 02, 2018","1,307.30","1,307.30","1,307.30","1,307.30","0.00K","-0.37%"
"Nov 01, 2018","1,312.20","1,312.20","1,312.20","1,312.20","0.01K","1.86%"
"Oct 31, 2018","1,288.20","1,291.10","1,291.10","1,291.10","0.00K","-0.82%"
"Oct 30, 2018","1,298.90","1,296.70","1,296.70","1,296.70","0.00K","-0.17%"
"Oct 29, 2018","1,301.10","1,301.10","1,301.10","1,301.10","0.00K","-0.66%"
"Oct 26, 2018","1,309.70","1,309.70","1,309.70","1,309.70","0.05K","0.23%"
"Oct 25, 2018","1,306.70","1,306.70","1,306.70","1,306.70","0.00K","0.09%"
"Oct 24, 2018","1,305.50","1,305.50","1,305.50","1,305.50","0.01K","-0.50%"
"Oct 23, 2018","1,312.00","1,312.00","1,312.00","1,312.00","0.03K","0.94%"
"Oct 22, 2018","1,299.80","1,299.80","1,299.80","1,299.80","0.02K","-0.31%"
"Oct 19, 2018","1,303.80","1,303.80","1,303.80","1,303.80","0.06K","-0.10%"
"Oct 18, 2018","1,305.10","1,305.10","1,305.10","1,305.10","0.17K","0.25%"
"Oct 17, 2018","1,301.90","1,301.90","1,301.90","1,301.90","0.01K","-0.30%"
"Oct 16, 2018","1,305.80","1,305.80","1,305.80","1,305.80","0.05K","0.03%"
"Oct 15, 2018","1,305.40","1,305.40","1,305.40","1,305.40","0.14K","0.70%"
"Oct 12, 2018","1,296.30","1,296.30","1,296.30","1,296.30","0.12K","-0.46%"
"Oct 11, 2018","1,302.30","1,271.20","1,271.20","1,271.20","0.00K","2.73%"
"Oct 10, 2018","1,267.70","1,267.70","1,267.70","1,267.70","0.06K","0.15%"
"Oct 09, 2018","1,265.80","1,265.80","1,265.80","1,265.80","0.01K","0.23%"
"Oct 08, 2018","1,262.90","1,262.90","1,262.90","1,262.90","0.04K","-1.35%"
"Oct 05, 2018","1,280.20","1,280.20","1,280.20","1,280.20","0.01K","0.37%"
"Oct 04, 2018","1,275.50","1,275.50","1,275.50","1,275.50","0.00K","-0.09%"
"Oct 03, 2018","1,276.70","1,276.70","1,276.70","1,276.70","0.08K","-0.31%"
"Oct 02, 2018","1,280.70","1,280.70","1,280.70","1,280.70","0.00K","1.29%"
"Oct 01, 2018","1,264.40","1,264.40","1,264.40","1,264.40","0.18K","-0.34%"
"Sep 28, 2018","1,268.70","1,270.00","1,270.00","1,270.00","0.00K","0.71%"
"Sep 27, 2018","1,259.80","1,260.00","1,260.00","1,260.00","0.00K","-0.94%"
"Sep 26, 2018","1,271.80","1,271.80","1,271.80","1,271.80","0.00K","-0.50%"
"Sep 25, 2018","1,278.20","1,278.20","1,278.20","1,278.20","0.02K","0.06%"
"Sep 24, 2018","1,277.40","1,277.40","1,277.40","1,277.40","0.01K","0.24%"
"Sep 21, 2018","1,274.30","1,274.30","1,274.30","1,274.30","0.04K","-0.79%"
"Sep 20, 2018","1,284.40","1,284.40","1,284.40","1,284.40","0.01K","0.23%"
"Sep 19, 2018","1,281.50","1,281.50","1,281.50","1,281.50","0.01K","0.45%"
"Sep 18, 2018","1,275.70","1,275.70","1,275.70","1,275.70","0.03K","-0.21%"
"Sep 17, 2018","1,278.40","1,278.40","1,278.40","1,278.40","0.04K","0.36%"
"Sep 14, 2018","1,273.80","1,273.80","1,273.80","1,273.80","0.00K","-0.56%"
"Sep 13, 2018","1,281.00","1,281.00","1,281.00","1,281.00","0.02K","-0.23%"
"Sep 12, 2018","1,283.90","1,269.60","1,271.00","1,269.50","0.02K","0.75%"
"Sep 11, 2018","1,274.40","1,274.40","1,274.40","1,274.40","0.02K","0.22%"
"Sep 10, 2018","1,271.60","1,271.60","1,271.60","1,271.60","0.01K","-0.04%"
"Sep 07, 2018","1,272.10","1,272.10","1,272.10","1,272.10","0.00K","-0.28%"
"Sep 06, 2018","1,275.70","1,275.70","1,275.70","1,275.70","0.00K","0.24%"
"Sep 05, 2018","1,272.60","1,266.10","1,271.90","1,266.10","0.01K","0.19%"
"Sep 04, 2018","1,270.20","1,270.20","1,270.20","1,270.20","0.03K","5.30%"
"Sep 03, 2018","1,206.30","1,204.90","1,209.60","1,201.30","-","0.12%"
"Sep 02, 2018","1,204.90","1,206.20","1,206.60","1,204.50","-","-5.70%"
"Aug 31, 2018","1,277.70","1,277.70","1,277.70","1,277.70","0.03K","0.13%"
"Aug 30, 2018","1,276.10","1,276.10","1,276.10","1,276.10","0.01K","-0.56%"
"Aug 29, 2018","1,283.30","1,283.30","1,283.30","1,283.30","0.03K","-0.24%"
"Aug 28, 2018","1,286.40","1,286.40","1,286.40","1,286.40","0.14K","-0.12%"
"Aug 27, 2018","1,288.00","1,288.00","1,288.00","1,288.00","0.15K","0.23%"
"Aug 24, 2018","1,285.00","1,285.00","1,285.00","1,285.00","0.01K","1.56%"
"Aug 23, 2018","1,265.20","1,265.20","1,265.20","1,265.20","0.00K","-0.83%"
"Aug 22, 2018","1,275.80","1,280.20","1,280.20","1,278.20","0.00K","0.24%"
"Aug 21, 2018","1,272.80","1,272.90","1,272.90","1,272.90","0.00K","0.42%"
"Aug 20, 2018","1,267.50","1,266.00","1,266.00","1,266.00","0.00K","0.75%"
"Aug 17, 2018","1,258.10","1,258.10","1,258.10","1,258.10","0.00K","0.01%"
"Aug 16, 2018","1,258.00","1,258.00","1,258.00","1,258.00","0.04K","-0.13%"
"Aug 15, 2018","1,259.70","1,265.80","1,265.80","1,265.80","0.00K","-1.27%"
"Aug 14, 2018","1,275.90","1,273.40","1,273.40","1,273.40","0.00K","0.14%"
"Aug 13, 2018","1,274.10","1,274.10","1,274.10","1,274.10","0.01K","-1.58%"
"Aug 10, 2018","1,294.60","1,294.60","1,294.60","1,294.60","0.08K","-0.09%"
"Aug 09, 2018","1,295.80","1,295.80","1,295.80","1,295.80","0.04K","-0.08%"
"Aug 08, 2018","1,296.80","1,296.80","1,296.80","1,296.80","0.21K","0.20%"
"Aug 07, 2018","1,294.20","1,294.20","1,294.20","1,294.20","0.72K","0.05%"
"Aug 06, 2018","1,293.60","1,302.80","1,305.00","1,298.60","0.01K","-0.45%"
"Aug 03, 2018","1,299.40","1,288.80","1,298.40","1,288.80","0.01K","0.25%"
"Aug 02, 2018","1,296.20","1,308.00","1,308.00","1,308.00","0.00K","-0.60%"
"Aug 01, 2018","1,304.00","1,304.00","1,304.00","1,304.00","1.03K","-0.44%"
"Jul 31, 2018","1,309.80","1,309.80","1,309.80","1,309.80","2.72K","0.16%"
"Jul 30, 2018","1,307.70","1,306.90","1,309.10","1,301.90","0.01K","-0.10%"
"Jul 27, 2018","1,309.00","1,309.00","1,309.00","1,309.00","0.00K","-0.19%"
"Jul 26, 2018","1,311.50","1,311.50","1,311.50","1,311.50","0.00K","-0.39%"
"Jul 25, 2018","1,316.70","1,316.70","1,316.70","1,316.70","0.06K","0.45%"
"Jul 24, 2018","1,310.80","1,310.80","1,310.80","1,310.80","0.04K","0.01%"
"Jul 23, 2018","1,310.70","1,307.60","1,307.60","1,307.60","0.00K","-0.46%"
"Jul 20, 2018","1,316.80","1,316.80","1,316.80","1,316.80","0.15K","0.49%"
"Jul 19, 2018","1,310.40","1,302.00","1,302.00","1,302.00","0.08K","-0.35%"
"Jul 18, 2018","1,315.00","1,315.00","1,315.00","1,315.00","0.00K","0.03%"
"Jul 17, 2018","1,314.60","1,320.00","1,320.00","1,320.00","0.03K","-0.97%"
"Jul 16, 2018","1,327.50","1,327.50","1,327.50","1,327.50","0.00K","-0.11%"
"Jul 13, 2018","1,329.00","1,327.00","1,327.00","1,327.00","0.00K","-0.46%"
"Jul 12, 2018","1,335.20","1,335.20","1,335.20","1,335.20","0.01K","0.16%"
"Jul 11, 2018","1,333.10","1,333.10","1,333.10","1,333.10","0.03K","-0.88%"
"Jul 10, 2018","1,344.90","1,344.90","1,344.90","1,344.90","0.07K","-0.29%"
"Jul 09, 2018","1,348.80","1,348.80","1,348.80","1,348.80","0.04K","0.31%"
"Jul 06, 2018","1,344.60","1,344.60","1,344.60","1,344.60","0.01K","-0.21%"
"Jul 05, 2018","1,347.40","1,347.40","1,347.40","1,347.40","0.01K","7.10%"
"Jul 04, 2018","1,258.10","1,256.20","1,262.40","1,255.30","-","-6.27%"
"Jul 03, 2018","1,342.20","1,342.20","1,342.20","1,342.20","0.04K","0.94%"
"Jul 02, 2018","1,329.70","1,329.70","1,329.70","1,329.70","0.03K","-1.04%"
"Jun 29, 2018","1,343.70","1,343.70","1,343.70","1,343.70","0.05K","0.28%"
"Jun 28, 2018","1,340.00","1,340.00","1,340.00","1,340.00","0.38K","-0.41%"
"Jun 27, 2018","1,345.50","1,345.50","1,345.50","1,345.50","0.01K","-0.33%"
"Jun 26, 2018","1,350.00","1,350.00","1,350.00","1,350.00","0.09K","-0.71%"
"Jun 25, 2018","1,359.60","1,353.70","1,353.70","1,353.70","0.00K","-0.15%"
"Jun 22, 2018","1,361.70","1,365.00","1,365.00","1,365.00","0.00K","0.02%"
"Jun 21, 2018","1,361.40","1,360.00","1,360.00","1,360.00","0.00K","-0.31%"
"Jun 20, 2018","1,365.70","1,376.80","1,376.80","1,376.80","0.00K","-0.28%"
"Jun 19, 2018","1,369.60","1,369.60","1,369.60","1,369.60","0.03K","-0.14%"
"Jun 18, 2018","1,371.50","1,371.50","1,371.50","1,371.50","0.04K","0.13%"
"Jun 15, 2018","1,369.70","1,369.70","1,369.70","1,369.70","0.59K","-2.23%"
"Jun 14, 2018","1,401.00","1,401.00","1,401.00","1,401.00","0.05K","0.51%"
"Jun 13, 2018","1,393.90","1,393.90","1,393.90","1,393.90","0.14K","0.12%"
"Jun 12, 2018","1,392.20","1,392.20","1,392.20","1,392.20","0.15K","-0.27%"
"Jun 11, 2018","1,395.90","1,395.90","1,395.90","1,395.90","0.07K","0.08%"
"Jun 08, 2018","1,394.80","1,394.80","1,394.80","1,394.80","0.65K","0.00%"
"Jun 07, 2018","1,394.80","1,394.80","1,394.80","1,394.80","0.08K","0.06%"
"Jun 06, 2018","1,393.90","1,393.90","1,393.90","1,393.90","0.03K","-0.04%"
"Jun 05, 2018","1,394.50","1,394.50","1,394.50","1,394.50","0.36K","0.36%"
"Jun 04, 2018","1,389.50","1,389.60","1,390.50","1,389.60","0.00K","-0.04%"
"Jun 01, 2018","1,390.10","1,392.40","1,392.40","1,392.40","0.00K","-0.35%"
"May 31, 2018","1,395.00","1,395.00","1,395.00","1,395.00","4.08K","-0.12%"
"May 30, 2018","1,396.70","1,396.70","1,396.70","1,396.70","50.85K","0.22%"
"May 29, 2018","1,393.70","1,393.70","1,393.70","1,393.70","0.08K","7.41%"
"May 28, 2018","1,297.60","1,298.40","1,299.70","1,294.70","-","-0.05%"
"May 27, 2018","1,298.30","1,299.80","1,299.90","1,296.10","-","-7.48%"
"May 25, 2018","1,403.20","1,403.20","1,403.20","1,403.20","0.00K","-0.07%"
"May 24, 2018","1,404.20","1,404.20","1,404.20","1,404.20","0.02K","1.08%"
"May 23, 2018","1,389.20","1,389.20","1,389.20","1,389.20","0.01K","-0.21%"
"May 22, 2018","1,392.10","1,392.10","1,392.10","1,392.10","0.05K","0.07%"
"May 21, 2018","1,391.10","1,391.10","1,391.10","1,391.10","0.05K","-0.01%"
"May 18, 2018","1,391.30","1,391.30","1,391.30","1,391.30","0.00K","0.09%"
"May 17, 2018","1,390.00","1,390.00","1,390.00","1,390.00","0.00K","-0.15%"
"May 16, 2018","1,392.10","1,392.10","1,392.10","1,392.10","0.03K","0.17%"
"May 15, 2018","1,389.80","1,405.30","1,405.30","1,405.30","0.00K","-1.98%"
"May 14, 2018","1,417.90","1,417.90","1,417.90","1,417.90","0.00K","-0.18%"
"May 11, 2018","1,420.40","1,420.40","1,420.40","1,420.40","0.00K","-0.12%"
"May 10, 2018","1,422.10","1,422.10","1,422.10","1,422.10","0.01K","0.64%"
"May 09, 2018","1,413.00","1,413.50","1,413.50","1,413.30","0.03K","-0.06%"
"May 08, 2018","1,413.80","1,413.80","1,413.80","1,413.80","0.34K","-0.03%"
"May 07, 2018","1,414.20","1,414.20","1,414.20","1,414.20","0.00K","-0.04%"
"May 04, 2018","1,414.70","1,414.70","1,414.70","1,414.70","0.04K","0.16%"
"May 03, 2018","1,412.40","1,412.40","1,412.40","1,412.40","0.00K","0.51%"
"May 02, 2018","1,405.30","1,405.30","1,405.30","1,405.30","0.02K","-0.08%"
"May 01, 2018","1,406.40","1,406.40","1,406.40","1,406.40","0.03K","-0.89%"
"Apr 30, 2018","1,419.10","1,419.10","1,419.10","1,419.10","0.05K","-0.32%"
"Apr 27, 2018","1,423.60","1,423.60","1,423.60","1,423.60","0.62K","0.39%"
"Apr 26, 2018","1,418.00","1,418.00","1,418.00","1,418.00","0.01K","-0.34%"
"Apr 25, 2018","1,422.90","1,422.90","1,422.90","1,422.90","0.28K","-0.71%"
"Apr 24, 2018","1,433.10","1,433.10","1,433.10","1,433.10","0.03K","0.64%"
"Apr 23, 2018","1,424.00","1,424.00","1,424.00","1,424.00","0.01K","-0.99%"
"Apr 20, 2018","1,438.20","1,442.00","1,442.00","1,442.00","0.00K","-0.73%"
"Apr 19, 2018","1,448.80","1,453.00","1,453.00","1,453.00","0.00K","-0.32%"
"Apr 18, 2018","1,453.50","1,460.10","1,460.10","1,460.10","0.00K","0.29%"
"Apr 17, 2018","1,449.30","1,449.30","1,449.30","1,449.30","0.41K","-0.09%"
"Apr 16, 2018","1,450.60","1,450.60","1,450.60","1,450.60","0.06K","0.19%"
"Apr 13, 2018","1,447.90","1,447.90","1,447.90","1,447.90","0.07K","0.45%"
"Apr 12, 2018","1,441.40","1,441.40","1,441.40","1,441.40","0.03K","-1.27%"
"Apr 11, 2018","1,460.00","1,460.00","1,460.00","1,460.00","0.00K","1.00%"
"Apr 10, 2018","1,445.50","1,445.50","1,445.50","1,445.50","0.11K","0.41%"
"Apr 09, 2018","1,439.60","1,439.60","1,439.60","1,439.60","0.29K","0.26%"
"Apr 06, 2018","1,435.90","1,435.90","1,435.90","1,435.90","0.35K","0.55%"
"Apr 05, 2018","1,428.10","1,428.10","1,428.10","1,428.10","0.26K","-0.81%"
"Apr 04, 2018","1,439.70","1,439.70","1,439.70","1,439.70","0.72K","0.22%"
"Apr 03, 2018","1,436.50","1,436.50","1,436.50","1,436.50","0.70K","-0.64%"
"Apr 02, 2018","1,445.80","1,445.80","1,445.80","1,445.80","0.65K","1.39%"
"Mar 29, 2018","1,426.00","1,426.00","1,426.00","1,426.00","5.59K","-0.20%"
"Mar 28, 2018","1,428.90","1,428.90","1,428.90","1,428.90","59.28K","-1.31%"
"Mar 27, 2018","1,447.80","1,447.80","1,447.80","1,447.80","0.01K","-0.90%"
"Mar 26, 2018","1,461.00","1,461.00","1,461.00","1,461.00","0.01K","0.41%"
"Mar 23, 2018","1,455.00","1,455.00","1,455.00","1,455.00","0.01K","1.59%"
"Mar 22, 2018","1,432.20","1,432.20","1,432.20","1,432.20","0.00K","0.39%"
"Mar 21, 2018","1,426.60","1,426.60","1,426.60","1,426.60","0.01K","0.73%"
"Mar 20, 2018","1,416.20","1,416.20","1,416.20","1,416.20","0.00K","-0.39%"
"Mar 19, 2018","1,421.70","1,421.70","1,421.70","1,421.70","0.01K","0.38%"
"Mar 16, 2018","1,416.30","1,416.30","1,416.30","1,416.30","0.03K","-0.38%"
"Mar 15, 2018","1,421.70","1,421.70","1,421.70","1,421.70","0.10K","-0.56%"
"Mar 14, 2018","1,429.70","1,429.70","1,429.70","1,429.70","0.03K","-0.12%"
"Mar 13, 2018","1,431.40","1,433.40","1,433.40","1,433.40","0.00K","0.46%"
"Mar 12, 2018","1,424.80","1,424.80","1,424.80","1,424.80","0.00K","-0.22%"
"Mar 09, 2018","1,428.00","1,428.00","1,428.00","1,428.00","0.09K","0.30%"
"Mar 08, 2018","1,423.70","1,423.70","1,423.70","1,423.70","0.06K","-0.29%"
"Mar 07, 2018","1,427.90","1,427.90","1,427.90","1,427.90","0.03K","-0.56%"
"Mar 06, 2018","1,435.90","1,435.90","1,435.90","1,435.90","0.02K","1.08%"
"Mar 05, 2018","1,420.50","1,420.50","1,420.50","1,420.50","0.02K","-0.26%"
"Mar 02, 2018","1,424.20","1,424.20","1,424.20","1,424.20","0.16K","1.29%"
"Mar 01, 2018","1,406.00","1,406.00","1,406.00","1,406.00","0.04K","-0.93%"
"Feb 28, 2018","1,419.20","1,419.20","1,419.20","1,419.20","0.06K","-0.03%"
"Feb 27, 2018","1,419.60","1,419.60","1,419.60","1,419.60","0.05K","-0.94%"
"Feb 26, 2018","1,433.10","1,433.10","1,433.10","1,433.10","0.04K","0.29%"
"Feb 23, 2018","1,429.00","1,429.00","1,429.00","1,429.00","0.43K","-0.17%"
"Feb 22, 2018","1,431.40","1,431.40","1,431.40","1,431.40","0.07K","0.06%"
"Feb 21, 2018","1,430.60","1,430.60","1,430.60","1,430.60","0.12K","0.15%"
"Feb 20, 2018","1,428.40","1,428.40","1,428.40","1,428.40","0.28K","5.98%"
"Feb 19, 2018","1,347.80","1,350.40","1,353.90","1,347.40","-","-0.20%"
"Feb 18, 2018","1,350.50","1,349.70","1,352.40","1,349.70","-","-7.04%"
"Feb 16, 2018","1,452.80","1,452.80","1,452.80","1,452.80","0.11K","0.09%"
"Feb 15, 2018","1,451.50","1,451.50","1,451.50","1,451.50","0.11K","-0.10%"
"Feb 14, 2018","1,452.90","1,452.90","1,452.90","1,452.90","0.40K","1.97%"
"Feb 13, 2018","1,424.80","1,424.80","1,424.80","1,424.80","0.07K","0.27%"
"Feb 12, 2018","1,420.90","1,420.90","1,420.90","1,420.90","0.14K","0.77%"
"Feb 09, 2018","1,410.10","1,410.10","1,410.10","1,410.10","0.00K","-0.33%"
"Feb 08, 2018","1,414.80","1,414.80","1,414.80","1,414.80","0.46K","0.29%"
"Feb 07, 2018","1,410.70","1,410.70","1,410.70","1,410.70","0.49K","-1.03%"
"Feb 06, 2018","1,425.40","1,425.40","1,425.40","1,425.40","0.53K","-0.52%"
"Feb 05, 2018","1,432.90","1,432.90","1,432.90","1,432.90","0.64K","-0.12%"
"Feb 02, 2018","1,434.60","1,434.60","1,434.60","1,434.60","2.84K","-0.73%"
"Feb 01, 2018","1,445.10","1,445.10","1,445.10","1,445.10","1.68K","0.40%"
"Jan 31, 2018","1,439.40","1,439.40","1,439.40","1,439.40","4.88K","0.22%"
"Jan 30, 2018","1,436.20","1,436.20","1,436.20","1,436.20","52.10K","-0.35%"
"Jan 29, 2018","1,441.30","1,441.30","1,441.30","1,441.30","0.00K","-0.85%"
"Jan 26, 2018","1,453.70","1,453.70","1,453.70","1,453.70","0.05K","-0.64%"
"Jan 25, 2018","1,463.10","1,463.10","1,463.10","1,463.10","0.00K","0.47%"
"Jan 24, 2018","1,456.30","1,456.30","1,456.30","1,456.30","0.02K","1.54%"
"Jan 23, 2018","1,434.20","1,434.20","1,434.20","1,434.20","0.05K","0.32%"
"Jan 22, 2018","1,429.60","1,429.60","1,429.60","1,429.60","0.16K","0.26%"
"Jan 19, 2018","1,425.90","1,425.90","1,425.90","1,425.90","0.05K","0.49%"
"Jan 18, 2018","1,419.00","1,419.00","1,419.00","1,419.00","0.21K","-0.84%"
"Jan 17, 2018","1,431.00","1,431.00","1,431.00","1,431.00","0.03K","0.20%"
"Jan 16, 2018","1,428.10","1,428.10","1,428.10","1,428.10","0.01K","6.43%"
"Jan 15, 2018","1,341.80","1,337.30","1,344.90","1,337.00","-","0.33%"
"Jan 14, 2018","1,337.40","1,337.70","1,338.60","1,336.40","-","-6.19%"
"Jan 12, 2018","1,425.70","1,425.70","1,425.70","1,425.70","0.01K","1.01%"
"Jan 11, 2018","1,411.40","1,411.40","1,411.40","1,411.40","0.01K","0.22%"
"Jan 10, 2018","1,408.30","1,408.30","1,408.30","1,408.30","0.00K","0.50%"
"Jan 09, 2018","1,401.30","1,398.00","1,398.00","1,398.00","0.00K","-0.43%"
"Jan 08, 2018","1,407.40","1,407.40","1,407.40","1,407.40","0.04K","-0.06%"
"Jan 05, 2018","1,408.30","1,408.30","1,408.30","1,408.30","0.00K","0.07%"
"Jan 04, 2018","1,407.30","1,407.30","1,407.30","1,407.30","0.00K","0.24%"
"Jan 03, 2018","1,404.00","1,399.00","1,399.00","1,399.00","0.00K","0.28%"
"Jan 02, 2018","1,400.10","1,400.10","1,400.10","1,400.10","0.00K","6.98%"
"Jan 01, 2018","1,308.70","1,305.80","1,309.70","1,304.60","-","-5.98%"
"Dec 29, 2017","1,391.90","1,391.90","1,391.90","1,391.90","0.07K","0.91%"
"Dec 28, 2017","1,379.40","1,372.10","1,372.10","1,372.00","0.01K","0.52%"
"Dec 27, 2017","1,372.30","1,372.30","1,372.30","1,372.30","0.07K","0.28%"
"Dec 26, 2017","1,368.50","1,368.50","1,368.50","1,368.50","0.08K","7.09%"
"Dec 25, 2017","1,277.90","1,278.90","1,279.50","1,277.90","-","-6.02%"
"Dec 22, 2017","1,359.80","1,353.70","1,354.30","1,353.70","0.00K","0.63%"
"Dec 21, 2017","1,351.30","1,351.30","1,351.30","1,351.30","0.23K","0.07%"
"Dec 20, 2017","1,350.40","1,350.40","1,350.40","1,350.40","0.06K","0.42%"
"Dec 19, 2017","1,344.80","1,344.80","1,344.80","1,344.80","0.33K","-0.06%"
"Dec 18, 2017","1,345.60","1,345.60","1,345.60","1,345.60","0.05K","0.61%"
"Dec 15, 2017","1,337.40","1,337.40","1,337.40","1,337.40","0.58K","0.01%"
"Dec 14, 2017","1,337.20","1,342.00","1,342.00","1,334.00","0.00K","0.64%"
"Dec 13, 2017","1,328.70","1,328.70","1,328.70","1,328.70","0.35K","0.51%"
"Dec 12, 2017","1,321.90","1,321.90","1,321.90","1,321.90","0.06K","-0.37%"
"Dec 11, 2017","1,326.80","1,326.80","1,326.80","1,326.80","0.15K","-0.10%"
"Dec 08, 2017","1,328.10","1,330.50","1,330.50","1,330.50","0.00K","-0.37%"
"Dec 07, 2017","1,333.00","1,327.60","1,327.60","1,327.60","0.01K","-0.98%"
"Dec 06, 2017","1,346.20","1,346.20","1,346.20","1,346.20","0.37K","0.08%"
"Dec 05, 2017","1,345.10","1,345.10","1,345.10","1,345.10","1.50K","-0.95%"
"Dec 04, 2017","1,358.00","1,358.00","1,358.00","1,358.00","0.85K","-0.35%"
"Dec 01, 2017","1,362.80","1,362.80","1,362.80","1,362.80","0.82K","0.41%"
"Nov 30, 2017","1,357.30","1,357.30","1,357.30","1,357.30","3.05K","-0.67%"
"Nov 29, 2017","1,366.40","1,382.00","1,382.00","1,382.00","0.01K","-0.91%"
"Nov 28, 2017","1,379.00","1,379.00","1,379.00","1,379.00","4.06K","0.02%"
"Nov 27, 2017","1,378.70","1,378.70","1,378.70","1,378.70","0.00K","0.52%"
"Nov 24, 2017","1,371.60","1,371.60","1,371.60","1,371.60","0.01K","6.19%"
"Nov 23, 2017","1,291.66","1,291.19","1,293.87","1,287.65","-","-6.16%"
"Nov 22, 2017","1,376.40","1,376.40","1,376.40","1,376.40","0.03K","0.85%"
"Nov 21, 2017","1,364.80","1,364.80","1,364.80","1,364.80","0.02K","0.53%"
"Nov 20, 2017","1,357.60","1,357.60","1,357.60","1,357.60","0.00K","-1.48%"
"Nov 17, 2017","1,378.00","1,378.00","1,378.00","1,378.00","0.00K","1.37%"
"Nov 16, 2017","1,359.40","1,359.40","1,359.40","1,359.40","0.04K","0.05%"
"Nov 15, 2017","1,358.70","1,358.70","1,358.70","1,358.70","0.01K","-0.40%"
"Nov 14, 2017","1,364.20","1,364.20","1,364.20","1,364.20","0.00K","0.28%"
"Nov 13, 2017","1,360.40","1,360.40","1,360.40","1,360.40","0.02K","0.44%"
"Nov 10, 2017","1,354.50","1,354.50","1,354.50","1,354.50","0.10K","-0.90%"
"Nov 09, 2017","1,366.80","1,366.80","1,366.80","1,366.80","0.02K","0.33%"
"Nov 08, 2017","1,362.30","1,362.30","1,362.30","1,362.30","0.02K","0.62%"
"Nov 07, 2017","1,353.90","1,353.90","1,353.90","1,353.90","0.01K","-0.43%"
"Nov 06, 2017","1,359.70","1,359.70","1,359.70","1,359.70","0.13K","0.95%"
"Nov 03, 2017","1,346.90","1,346.90","1,346.90","1,346.90","0.08K","-0.63%"
"Nov 02, 2017","1,355.40","1,355.40","1,355.40","1,355.40","0.07K","0.06%"
"Nov 01, 2017","1,354.60","1,354.60","1,354.60","1,354.60","0.08K","0.51%"
"Oct 31, 2017","1,347.70","1,347.70","1,347.70","1,347.70","0.24K","-0.53%"
"Oct 30, 2017","1,354.90","1,354.90","1,354.90","1,354.90","0.22K","0.43%"
"Oct 27, 2017","1,349.10","1,351.70","1,351.70","1,351.70","0.00K","0.19%"
"Oct 26, 2017","1,346.50","1,346.50","1,346.50","1,346.50","0.04K","-0.66%"
"Oct 25, 2017","1,355.50","1,355.50","1,355.50","1,355.50","0.11K","0.10%"
"Oct 24, 2017","1,354.20","1,354.20","1,354.20","1,354.20","0.11K","-0.20%"
"Oct 23, 2017","1,356.90","1,356.90","1,356.90","1,356.90","0.12K","0.05%"
"Oct 20, 2017","1,356.20","1,356.20","1,356.20","1,356.20","0.30K","-0.71%"
"Oct 19, 2017","1,365.90","1,365.90","1,365.90","1,365.90","0.13K","0.49%"
"Oct 18, 2017","1,359.30","1,359.30","1,359.30","1,359.30","0.16K","-0.23%"
"Oct 17, 2017","1,362.50","1,362.50","1,362.50","1,362.50","0.57K","-1.25%"
"Oct 16, 2017","1,379.70","1,382.00","1,382.00","1,382.00","0.01K","-0.05%"
"Oct 13, 2017","1,380.40","1,372.00","1,372.00","1,372.00","0.00K","0.59%"
"Oct 12, 2017","1,372.30","1,372.30","1,372.30","1,372.30","0.01K","0.57%"
"Oct 11, 2017","1,364.50","1,364.50","1,364.50","1,364.50","0.02K","-0.36%"
"Oct 10, 2017","1,369.40","1,374.70","1,374.70","1,374.70","0.00K","0.66%"
"Oct 09, 2017","1,360.40","1,362.00","1,362.00","1,362.00","0.00K","0.77%"
"Oct 06, 2017","1,350.00","1,350.00","1,350.00","1,350.00","0.05K","0.13%"
"Oct 05, 2017","1,348.30","1,348.30","1,348.30","1,348.30","0.04K","-0.20%"
"Oct 04, 2017","1,351.00","1,351.00","1,351.00","1,351.00","0.22K","0.16%"
"Oct 03, 2017","1,348.80","1,353.30","1,353.30","1,353.30","0.00K","-0.10%"
"Oct 02, 2017","1,350.10","1,350.10","1,350.10","1,350.10","0.14K","-0.55%"
"Sep 29, 2017","1,357.60","1,357.60","1,357.60","1,357.60","0.49K","-0.27%"
"Sep 28, 2017","1,361.30","1,361.30","1,361.30","1,361.30","0.05K","0.04%"
"Sep 27, 2017","1,360.70","1,360.70","1,360.70","1,360.70","0.02K","-0.98%"
"Sep 26, 2017","1,374.10","1,374.10","1,374.10","1,374.10","0.04K","-0.68%"
"Sep 25, 2017","1,383.50","1,382.00","1,382.00","1,382.00","0.00K","1.03%"
"Sep 22, 2017","1,369.40","1,369.40","1,369.40","1,369.40","0.21K","0.20%"
"Sep 21, 2017","1,366.70","1,367.30","1,367.30","1,367.30","0.00K","-1.56%"
"Sep 20, 2017","1,388.30","1,388.30","1,388.30","1,388.30","0.01K","0.41%"
"Sep 19, 2017","1,382.60","1,382.60","1,382.60","1,382.60","0.05K","0.17%"
"Sep 18, 2017","1,380.30","1,380.30","1,380.30","1,380.30","0.00K","-1.06%"
"Sep 15, 2017","1,395.10","1,395.10","1,395.10","1,395.10","0.02K","-0.29%"
"Sep 14, 2017","1,399.20","1,399.20","1,399.20","1,399.20","0.32K","0.18%"
"Sep 13, 2017","1,396.70","1,396.70","1,396.70","1,396.70","0.08K","-0.36%"
"Sep 12, 2017","1,401.80","1,406.60","1,406.60","1,406.60","0.03K","-0.16%"
"Sep 11, 2017","1,404.10","1,404.10","1,404.10","1,404.10","0.00K","-1.07%"
"Sep 08, 2017","1,419.30","1,419.30","1,419.30","1,419.30","0.04K","0.09%"
"Sep 07, 2017","1,418.00","1,418.00","1,418.00","1,418.00","0.03K","0.86%"
"Sep 06, 2017","1,405.90","1,405.90","1,405.90","1,405.90","0.08K","-0.38%"
"Sep 05, 2017","1,411.20","1,411.20","1,411.20","1,411.20","0.01K","5.46%"
"Sep 04, 2017","1,338.08","1,341.21","1,344.59","1,337.01","-","-0.23%"
"Sep 03, 2017","1,341.22","1,340.54","1,342.07","1,338.96","-","-4.00%"
"Sep 01, 2017","1,397.10","1,397.10","1,397.10","1,397.10","0.04K","0.62%"
"Aug 31, 2017","1,388.50","1,389.50","1,393.70","1,389.50","0.00K","0.55%"
"Aug 30, 2017","1,380.90","1,380.90","1,380.90","1,380.90","0.37K","-0.35%"
"Aug 29, 2017","1,385.70","1,385.70","1,385.70","1,385.70","0.30K","0.22%"
"Aug 28, 2017","1,382.60","1,381.90","1,381.90","1,381.90","0.00K","1.30%"
"Aug 25, 2017","1,364.80","1,364.80","1,364.80","1,364.80","0.28K","0.43%"
"Aug 24, 2017","1,358.90","1,358.90","1,358.90","1,358.90","0.55K","-0.21%"
"Aug 23, 2017","1,361.70","1,361.70","1,361.70","1,361.70","0.25K","0.23%"
"Aug 22, 2017","1,358.60","1,358.60","1,358.60","1,358.60","0.10K","-0.40%"
"Aug 21, 2017","1,364.10","1,364.10","1,364.10","1,364.10","0.02K","0.39%"
"Aug 18, 2017","1,358.80","1,362.70","1,372.50","1,362.70","0.00K","-0.08%"
"Aug 17, 2017","1,359.90","1,359.90","1,359.90","1,359.90","0.04K","0.67%"
"Aug 16, 2017","1,350.80","1,350.80","1,350.80","1,350.80","0.11K","0.24%"
"Aug 15, 2017","1,347.50","1,347.50","1,347.50","1,347.50","0.19K","-0.78%"
"Aug 14, 2017","1,358.10","1,358.10","1,358.10","1,358.10","0.34K","-0.24%"
"Aug 11, 2017","1,361.40","1,361.40","1,361.40","1,361.40","0.14K","0.27%"
"Aug 10, 2017","1,357.80","1,357.80","1,357.80","1,357.80","0.61K","0.80%"
"Aug 09, 2017","1,347.00","1,347.00","1,347.00","1,347.00","0.57K","1.25%"
"Aug 08, 2017","1,330.40","1,330.40","1,330.40","1,330.40","0.56K","-0.12%"
"Aug 07, 2017","1,332.00","1,326.40","1,326.40","1,326.40","0.00K","0.02%"
"Aug 04, 2017","1,331.70","1,331.70","1,331.70","1,331.70","0.52K","-0.74%"
"Aug 03, 2017","1,341.60","1,341.60","1,341.60","1,341.60","0.00K","-0.29%"
"Aug 02, 2017","1,345.50","1,345.50","1,345.50","1,345.50","0.39K","-0.06%"
"Aug 01, 2017","1,346.30","1,346.30","1,346.30","1,346.30","1.06K","0.42%"
"Jul 31, 2017","1,340.70","1,340.70","1,340.70","1,340.70","7.78K","-0.14%"
"Jul 28, 2017","1,342.60","1,342.60","1,342.60","1,342.60","64.18K","0.67%"
"Jul 27, 2017","1,333.70","1,333.70","1,333.70","1,333.70","0.05K","0.85%"
"Jul 26, 2017","1,322.40","1,322.40","1,322.40","1,322.40","0.00K","-0.06%"
"Jul 25, 2017","1,323.20","1,323.20","1,323.20","1,323.20","0.02K","-0.17%"
"Jul 24, 2017","1,325.40","1,323.60","1,323.60","1,323.60","0.00K","-0.04%"
"Jul 21, 2017","1,325.90","1,325.90","1,325.90","1,325.90","0.02K","0.67%"
"Jul 20, 2017","1,317.10","1,317.10","1,317.10","1,317.10","0.01K","0.26%"
"Jul 19, 2017","1,313.70","1,313.70","1,313.70","1,313.70","0.00K","0.02%"
"Jul 18, 2017","1,313.50","1,313.50","1,313.50","1,313.50","0.03K","0.62%"
"Jul 17, 2017","1,305.40","1,305.40","1,305.40","1,305.40","0.01K","0.51%"
"Jul 14, 2017","1,298.80","1,289.00","1,289.00","1,289.00","0.00K","0.80%"
"Jul 13, 2017","1,288.50","1,288.50","1,288.50","1,288.50","0.01K","-0.21%"
"Jul 12, 2017","1,291.20","1,291.20","1,291.20","1,291.20","0.01K","0.27%"
"Jul 11, 2017","1,287.70","1,287.70","1,287.70","1,287.70","0.01K","0.13%"
"Jul 10, 2017","1,286.00","1,286.00","1,286.00","1,286.00","0.03K","0.28%"
"Jul 07, 2017","1,282.40","1,282.30","1,282.30","1,282.30","0.00K","-1.10%"
"Jul 06, 2017","1,296.70","1,296.70","1,296.70","1,296.70","0.00K","0.22%"
"Jul 05, 2017","1,293.90","1,293.90","1,293.90","1,293.90","0.00K","5.41%"
"Jul 04, 2017","1,227.55","1,224.30","1,228.03","1,221.49","-","-4.91%"
"Jul 03, 2017","1,290.90","1,289.90","1,289.90","1,289.00","0.02K","-1.76%"
"Jun 30, 2017","1,314.00","1,314.00","1,314.00","1,314.00","0.04K","-0.28%"
"Jun 29, 2017","1,317.70","1,322.80","1,322.80","1,313.70","0.00K","-0.23%"
"Jun 28, 2017","1,320.80","1,320.80","1,320.80","1,320.80","0.01K","0.18%"
"Jun 27, 2017","1,318.40","1,318.40","1,318.40","1,318.40","0.11K","0.05%"
"Jun 26, 2017","1,317.70","1,317.70","1,317.70","1,317.70","0.19K","-0.75%"
"Jun 23, 2017","1,327.70","1,327.70","1,327.70","1,327.70","0.00K","0.55%"
"Jun 22, 2017","1,320.40","1,320.40","1,320.40","1,320.40","0.16K","0.25%"
"Jun 21, 2017","1,317.10","1,317.10","1,317.10","1,317.10","0.01K","0.14%"
"Jun 20, 2017","1,315.20","1,315.20","1,315.20","1,315.20","0.08K","-0.27%"
"Jun 19, 2017","1,318.80","1,318.80","1,318.80","1,318.80","0.11K","-0.73%"
"Jun 16, 2017","1,328.50","1,328.50","1,328.50","1,328.50","0.03K","0.13%"
"Jun 15, 2017","1,326.80","1,326.80","1,326.80","1,326.80","0.74K","-1.59%"
"Jun 14, 2017","1,348.20","1,348.20","1,348.20","1,348.20","0.34K","0.52%"
"Jun 13, 2017","1,341.20","1,342.80","1,342.80","1,342.80","0.00K","-0.02%"
"Jun 12, 2017","1,341.50","1,341.50","1,341.50","1,341.50","0.26K","-0.18%"
"Jun 09, 2017","1,343.90","1,343.90","1,343.90","1,343.90","0.00K","-0.59%"
"Jun 08, 2017","1,351.90","1,351.90","1,351.90","1,351.90","0.32K","-1.00%"
"Jun 07, 2017","1,365.60","1,365.60","1,365.60","1,365.60","0.64K","-0.32%"
"Jun 06, 2017","1,370.00","1,370.00","1,370.00","1,370.00","0.94K","1.06%"
"Jun 05, 2017","1,355.60","1,355.60","1,355.60","1,355.60","0.43K","0.18%"
"Jun 02, 2017","1,353.10","1,353.10","1,353.10","1,353.10","1.73K","0.74%"
"Jun 01, 2017","1,343.20","1,343.20","1,343.20","1,343.20","0.83K","-0.39%"
"May 31, 2017","1,348.50","1,348.50","1,348.50","1,348.50","2.71K","0.70%"
"May 30, 2017","1,339.10","1,339.10","1,339.10","1,339.10","129.82K","5.72%"
"May 29, 2017","1,266.69","1,268.02","1,268.60","1,264.96","-","-0.12%"
"May 28, 2017","1,268.22","1,266.31","1,269.02","1,266.31","-","-5.69%"
"May 26, 2017","1,344.80","1,344.80","1,344.80","1,344.80","0.00K","0.86%"
"May 25, 2017","1,333.30","1,333.30","1,333.30","1,333.30","0.01K","0.27%"
"May 24, 2017","1,329.70","1,329.70","1,329.70","1,329.70","0.01K","-0.18%"
"May 23, 2017","1,332.10","1,332.10","1,332.10","1,332.10","0.02K","-0.44%"
"May 22, 2017","1,338.00","1,338.00","1,338.00","1,338.00","0.01K","0.61%"
"May 19, 2017","1,329.90","1,329.90","1,329.90","1,329.90","0.01K","0.05%"
"May 18, 2017","1,329.20","1,339.80","1,340.00","1,339.80","0.04K","-0.52%"
"May 17, 2017","1,336.20","1,336.20","1,336.20","1,336.20","0.03K","1.66%"
"May 16, 2017","1,314.40","1,312.70","1,312.70","1,312.70","0.00K","0.49%"
"May 15, 2017","1,308.00","1,307.50","1,308.00","1,307.50","0.00K","0.18%"
"May 12, 2017","1,305.70","1,305.70","1,305.70","1,305.70","0.03K","0.21%"
"May 11, 2017","1,302.90","1,302.90","1,302.90","1,302.90","0.01K","0.41%"
"May 10, 2017","1,297.60","1,305.00","1,305.20","1,305.00","0.01K","0.19%"
"May 09, 2017","1,295.10","1,306.10","1,306.10","1,303.20","0.01K","-0.84%"
"May 08, 2017","1,306.10","1,306.10","1,306.10","1,306.10","0.04K","0.02%"
"May 05, 2017","1,305.80","1,305.80","1,305.80","1,305.80","0.02K","-0.12%"
"May 04, 2017","1,307.40","1,312.10","1,312.10","1,312.10","0.00K","-1.52%"
"May 03, 2017","1,327.60","1,326.90","1,326.90","1,326.90","0.00K","-0.64%"
"May 02, 2017","1,336.10","1,336.10","1,336.10","1,336.10","0.09K","0.11%"
"May 01, 2017","1,334.60","1,334.60","1,334.60","1,334.60","0.03K","-0.93%"
"Apr 28, 2017","1,347.10","1,347.10","1,347.10","1,347.10","0.09K","0.18%"
"Apr 27, 2017","1,344.70","1,344.70","1,344.70","1,344.70","0.21K","0.13%"
"Apr 26, 2017","1,343.00","1,343.00","1,343.00","1,343.00","0.10K","-0.22%"
"Apr 25, 2017","1,346.00","1,346.00","1,346.00","1,346.00","0.36K","-0.72%"
"Apr 24, 2017","1,355.80","1,355.80","1,355.80","1,355.80","0.61K","-0.82%"
"Apr 21, 2017","1,367.00","1,359.80","1,378.00","1,359.80","0.00K","0.39%"
"Apr 20, 2017","1,361.70","1,361.70","1,361.70","1,361.70","0.13K","0.09%"
"Apr 19, 2017","1,360.50","1,360.50","1,360.50","1,360.50","0.19K","-0.76%"
"Apr 18, 2017","1,370.90","1,370.90","1,370.90","1,370.90","0.00K","0.08%"
"Apr 17, 2017","1,369.80","1,369.80","1,369.80","1,369.80","0.07K","6.21%"
"Apr 14, 2017","1,289.65","1,289.65","1,289.65","1,289.65","-","-5.64%"
"Apr 13, 2017","1,366.70","1,366.70","1,366.70","1,366.70","0.92K","0.69%"
"Apr 12, 2017","1,357.30","1,357.30","1,357.30","1,357.30","0.00K","0.29%"
"Apr 11, 2017","1,353.40","1,353.40","1,353.40","1,353.40","0.40K","1.51%"
"Apr 10, 2017","1,333.30","1,333.30","1,333.30","1,333.30","0.18K","-0.26%"
"Apr 07, 2017","1,336.80","1,336.80","1,336.80","1,336.80","0.00K","0.33%"
"Apr 06, 2017","1,332.40","1,332.40","1,332.40","1,332.40","0.00K","0.37%"
"Apr 05, 2017","1,327.50","1,327.50","1,327.50","1,327.50","0.91K","-0.70%"
"Apr 04, 2017","1,336.80","1,333.10","1,333.10","1,333.10","0.00K","0.31%"
"Apr 03, 2017","1,332.70","1,332.70","1,332.70","1,332.70","1.16K","0.22%"
"Mar 31, 2017","1,329.80","1,339.00","1,339.00","1,339.00","0.00K","0.23%"
"Mar 30, 2017","1,326.70","1,344.00","1,344.00","1,341.30","0.00K","-0.66%"
"Mar 29, 2017","1,335.50","1,335.50","1,335.50","1,335.50","0.04K","-0.15%"
"Mar 28, 2017","1,337.50","1,338.70","1,338.70","1,338.70","0.00K","0.01%"
"Mar 27, 2017","1,337.40","1,337.40","1,337.40","1,337.40","0.07K","0.53%"
"Mar 24, 2017","1,330.40","1,330.40","1,330.40","1,330.40","0.00K","0.14%"
"Mar 23, 2017","1,328.50","1,328.50","1,328.50","1,328.50","0.02K","-0.23%"
"Mar 22, 2017","1,331.50","1,331.50","1,331.50","1,331.50","0.00K","0.19%"
"Mar 21, 2017","1,329.00","1,316.50","1,316.50","1,316.50","0.00K","0.90%"
"Mar 20, 2017","1,317.20","1,317.20","1,317.20","1,317.20","0.02K","0.27%"
"Mar 17, 2017","1,313.60","1,313.60","1,313.60","1,313.60","0.03K","0.22%"
"Mar 16, 2017","1,310.70","1,310.70","1,310.70","1,310.70","0.05K","2.06%"
"Mar 15, 2017","1,284.30","1,284.30","1,284.30","1,284.30","0.04K","-0.16%"
"Mar 14, 2017","1,286.30","1,286.30","1,286.30","1,286.30","0.02K","-0.02%"
"Mar 13, 2017","1,286.60","1,294.00","1,294.00","1,294.00","0.02K","0.20%"
"Mar 10, 2017","1,284.00","1,284.00","1,284.00","1,284.00","0.00K","-0.13%"
"Mar 09, 2017","1,285.70","1,285.70","1,285.70","1,285.70","0.04K","-0.48%"
"Mar 08, 2017","1,291.90","1,291.90","1,291.90","1,291.90","0.02K","-0.45%"
"Mar 07, 2017","1,297.70","1,307.60","1,307.60","1,307.50","0.03K","-0.73%"
"Mar 06, 2017","1,307.30","1,307.30","1,307.30","1,307.30","0.03K","-0.11%"
"Mar 03, 2017","1,308.80","1,308.80","1,308.80","1,308.80","0.12K","-0.39%"
"Mar 02, 2017","1,313.90","1,313.90","1,313.90","1,313.90","0.08K","-1.29%"
"Mar 01, 2017","1,331.10","1,331.10","1,331.10","1,331.10","0.14K","-0.24%"
"Feb 28, 2017","1,334.30","1,334.30","1,334.30","1,334.30","0.72K","-0.36%"
"Feb 27, 2017","1,339.10","1,339.10","1,339.10","1,339.10","0.54K","0.05%"
"Feb 24, 2017","1,338.40","1,338.40","1,338.40","1,338.40","0.09K","0.50%"
"Feb 23, 2017","1,331.70","1,331.70","1,331.70","1,331.70","0.03K","1.40%"
"Feb 22, 2017","1,313.30","1,313.30","1,313.30","1,313.30","0.00K","-0.45%"
"Feb 21, 2017","1,319.20","1,319.20","1,319.20","1,319.20","0.00K","6.54%"
"Feb 20, 2017","1,238.20","1,237.25","1,240.15","1,233.50","-","0.07%"
"Feb 19, 2017","1,237.30","1,236.00","1,239.25","1,236.00","-","-6.22%"
"Feb 17, 2017","1,319.40","1,319.40","1,319.40","1,319.40","0.30K","-0.25%"
"Feb 16, 2017","1,322.70","1,322.70","1,322.70","1,322.70","0.00K","0.65%"
"Feb 15, 2017","1,314.20","1,314.20","1,314.20","1,314.20","0.18K","0.71%"
"Feb 14, 2017","1,304.90","1,304.90","1,304.90","1,304.90","0.16K","0.00%"
"Feb 13, 2017","1,304.90","1,304.90","1,304.90","1,304.90","0.40K","-0.73%"
"Feb 10, 2017","1,314.50","1,319.00","1,319.00","1,319.00","0.00K","-0.07%"
"Feb 09, 2017","1,315.40","1,315.40","1,315.40","1,315.40","0.89K","-0.22%"
"Feb 08, 2017","1,318.30","1,323.90","1,323.90","1,323.90","0.00K","0.14%"
"Feb 07, 2017","1,316.40","1,314.10","1,314.10","1,314.10","0.00K","0.24%"
"Feb 06, 2017","1,313.30","1,313.30","1,313.30","1,313.30","0.91K","0.85%"
"Feb 03, 2017","1,302.20","1,302.20","1,302.20","1,302.20","0.87K","0.12%"
"Feb 02, 2017","1,300.60","1,300.60","1,300.60","1,300.60","1.51K","0.86%"
"Feb 01, 2017","1,289.50","1,289.00","1,291.00","1,289.00","0.00K","-0.18%"
"Jan 31, 2017","1,291.80","1,291.80","1,291.80","1,291.80","3.21K","1.21%"
"Jan 30, 2017","1,276.40","1,276.40","1,276.40","1,276.40","50.50K","0.37%"
"Jan 27, 2017","1,271.70","1,271.70","1,271.70","1,271.70","0.02K","-0.09%"
"Jan 26, 2017","1,272.90","1,275.10","1,275.10","1,275.10","0.01K","-0.64%"
"Jan 25, 2017","1,281.10","1,281.10","1,281.10","1,281.10","0.40K","-1.00%"
"Jan 24, 2017","1,294.10","1,299.60","1,299.60","1,295.40","0.01K","-0.37%"
"Jan 23, 2017","1,298.90","1,298.90","1,298.90","1,298.90","0.02K","0.75%"
"Jan 20, 2017","1,289.20","1,289.20","1,289.20","1,289.20","0.04K","0.29%"
"Jan 19, 2017","1,285.50","1,284.00","1,284.00","1,284.00","0.00K","-0.79%"
"Jan 18, 2017","1,295.70","1,295.70","1,295.70","1,295.70","0.11K","-0.13%"
"Jan 17, 2017","1,297.40","1,297.40","1,297.40","1,297.40","0.08K","7.86%"
"Jan 16, 2017","1,202.85","1,203.25","1,208.45","1,200.00","-","-0.04%"
"Jan 15, 2017","1,203.35","1,197.30","1,205.05","1,197.30","-","-6.08%"
"Jan 13, 2017","1,281.30","1,281.30","1,281.30","1,281.30","0.02K","-0.16%"
"Jan 12, 2017","1,283.30","1,283.30","1,283.30","1,283.30","0.11K","0.26%"
"Jan 11, 2017","1,280.00","1,280.00","1,280.00","1,280.00","0.02K","0.91%"
"Jan 10, 2017","1,268.50","1,268.50","1,268.50","1,268.50","0.00K","0.07%"
"Jan 09, 2017","1,267.60","1,262.80","1,262.80","1,262.80","0.00K","0.95%"
"Jan 06, 2017","1,255.70","1,256.00","1,256.00","1,256.00","0.01K","-0.51%"
"Jan 05, 2017","1,262.10","1,262.10","1,262.10","1,262.10","0.01K","1.20%"
"Jan 04, 2017","1,247.10","1,247.10","1,247.10","1,247.10","0.04K","0.19%"
"Jan 03, 2017","1,244.70","1,232.40","1,234.00","1,232.40","0.00K","8.14%"
"Jan 02, 2017","1,151.05","1,151.00","1,153.25","1,150.00","-","-6.76%"