"Date","Price","Open","High","Low","Change %"
"Dec 18, 2020","1.690","1.680","1.701","1.657","0.52%"
"Dec 17, 2020","1.681","1.660","1.692","1.626","1.45%"
"Dec 16, 2020","1.657","1.654","1.707","1.647","0.21%"
"Dec 15, 2020","1.653","1.632","1.669","1.616","1.26%"
"Dec 14, 2020","1.633","1.644","1.682","1.624","-0.65%"
"Dec 13, 2020","1.644","1.643","1.644","1.643","0.98%"
"Dec 11, 2020","1.628","1.632","1.645","1.600","0.00%"
"Dec 10, 2020","1.628","1.674","1.686","1.626","-3.56%"
"Dec 09, 2020","1.688","1.680","1.711","1.668","1.25%"
"Dec 08, 2020","1.667","1.686","1.700","1.643","-1.15%"
"Dec 07, 2020","1.686","1.744","1.744","1.681","-3.15%"
"Dec 04, 2020","1.741","1.658","1.750","1.646","5.13%"
"Dec 03, 2020","1.656","1.689","1.702","1.648","-1.98%"
"Dec 02, 2020","1.690","1.665","1.724","1.649","1.13%"
"Dec 01, 2020","1.671","1.574","1.684","1.562","6.48%"
"Nov 30, 2020","1.569","1.581","1.595","1.562","-0.78%"
"Nov 29, 2020","1.582","1.582","1.582","1.582","0.37%"
"Nov 27, 2020","1.576","1.603","1.609","1.571","-1.72%"
"Nov 26, 2020","1.603","1.605","1.605","1.603","-1.46%"
"Nov 25, 2020","1.627","1.612","1.634","1.584","0.90%"
"Nov 24, 2020","1.612","1.578","1.612","1.556","3.57%"
"Nov 23, 2020","1.557","1.532","1.569","1.527","2.68%"
"Nov 22, 2020","1.516","1.516","1.516","1.516","0.00%"
"Nov 20, 2020","1.516","1.530","1.565","1.516","-2.70%"
"Nov 19, 2020","1.558","1.595","1.599","1.546","-2.69%"
"Nov 18, 2020","1.601","1.612","1.636","1.574","-0.61%"
"Nov 17, 2020","1.611","1.659","1.677","1.607","-3.42%"
"Nov 16, 2020","1.668","1.653","1.690","1.619","0.81%"
"Nov 15, 2020","1.655","1.653","1.655","1.653","0.44%"
"Nov 13, 2020","1.648","1.638","1.656","1.612","0.42%"
"Nov 12, 2020","1.641","1.724","1.735","1.639","-4.98%"
"Nov 11, 2020","1.727","1.727","1.727","1.727","-1.14%"
"Nov 10, 2020","1.747","1.719","1.760","1.677","2.03%"
"Nov 09, 2020","1.712","1.612","1.767","1.571","6.07%"
"Nov 08, 2020","1.614","1.618","1.618","1.614","0.81%"
"Nov 06, 2020","1.601","1.522","1.619","1.517","4.92%"
"Nov 05, 2020","1.526","1.530","1.567","1.481","-1.30%"
"Nov 04, 2020","1.546","1.714","1.757","1.506","-7.76%"
"Nov 03, 2020","1.676","1.635","1.687","1.632","3.29%"
"Nov 02, 2020","1.622","1.637","1.672","1.607","-0.89%"
"Nov 01, 2020","1.637","1.640","1.640","1.637","-1.29%"
"Oct 30, 2020","1.658","1.614","1.667","1.582","3.04%"
"Oct 29, 2020","1.609","1.567","1.634","1.550","3.18%"
"Oct 28, 2020","1.560","1.549","1.575","1.528","0.35%"
"Oct 27, 2020","1.554","1.586","1.605","1.552","-2.34%"
"Oct 26, 2020","1.592","1.624","1.630","1.578","-3.01%"
"Oct 23, 2020","1.641","1.677","1.690","1.637","-2.35%"
"Oct 22, 2020","1.681","1.623","1.687","1.607","2.89%"
"Oct 21, 2020","1.633","1.606","1.653","1.596","2.54%"
"Oct 20, 2020","1.593","1.560","1.609","1.551","2.00%"
"Oct 19, 2020","1.562","1.546","1.574","1.540","1.05%"
"Oct 18, 2020","1.546","1.550","1.550","1.546","0.70%"
"Oct 16, 2020","1.535","1.514","1.548","1.496","1.06%"
"Oct 15, 2020","1.519","1.507","1.520","1.457","0.58%"
"Oct 14, 2020","1.510","1.516","1.522","1.483","-0.18%"
"Oct 13, 2020","1.513","1.555","1.562","1.507","-2.75%"
"Oct 12, 2020","1.556","1.556","1.556","1.556","-1.37%"
"Oct 09, 2020","1.577","1.574","1.609","1.561","-0.25%"
"Oct 08, 2020","1.581","1.580","1.593","1.559","0.00%"
"Oct 07, 2020","1.581","1.541","1.606","1.536","3.25%"
"Oct 06, 2020","1.531","1.586","1.610","1.523","-3.36%"
"Oct 05, 2020","1.584","1.503","1.593","1.492","5.40%"
"Oct 04, 2020","1.503","1.503","1.503","1.501","0.76%"
"Oct 02, 2020","1.492","1.459","1.495","1.425","2.53%"
"Oct 01, 2020","1.455","1.462","1.497","1.445","0.05%"
"Sep 30, 2020","1.454","1.419","1.487","1.412","2.66%"
"Sep 29, 2020","1.417","1.419","1.425","1.399","-0.13%"
"Sep 28, 2020","1.419","1.402","1.426","1.400","1.10%"
"Sep 27, 2020","1.403","1.402","1.403","1.402","0.09%"
"Sep 25, 2020","1.402","1.412","1.421","1.389","-0.32%"
"Sep 24, 2020","1.406","1.417","1.426","1.397","-1.19%"
"Sep 23, 2020","1.423","1.427","1.449","1.403","0.18%"
"Sep 22, 2020","1.421","1.416","1.436","1.406","0.18%"
"Sep 21, 2020","1.418","1.456","1.456","1.390","-2.54%"
"Sep 18, 2020","1.455","1.438","1.456","1.411","1.04%"
"Sep 17, 2020","1.440","1.452","1.454","1.393","-1.52%"
"Sep 16, 2020","1.462","1.426","1.466","1.405","1.95%"
"Sep 15, 2020","1.434","1.414","1.439","1.405","1.38%"
"Sep 14, 2020","1.415","1.421","1.428","1.398","-0.46%"
"Sep 13, 2020","1.421","1.421","1.421","1.421","0.55%"
"Sep 11, 2020","1.413","1.421","1.445","1.412","-0.55%"
"Sep 10, 2020","1.421","1.457","1.493","1.416","-2.24%"
"Sep 09, 2020","1.454","1.406","1.465","1.394","1.96%"
"Sep 08, 2020","1.426","1.478","1.480","1.385","-3.53%"
"Sep 07, 2020","1.478","1.478","1.478","1.478","0.31%"
"Sep 04, 2020","1.473","1.352","1.477","1.348","8.26%"
"Sep 03, 2020","1.361","1.374","1.403","1.320","-1.15%"
"Sep 02, 2020","1.377","1.430","1.447","1.372","-3.29%"
"Sep 01, 2020","1.424","1.482","1.516","1.419","-3.54%"
"Aug 31, 2020","1.476","1.504","1.538","1.451","-1.93%"
"Aug 30, 2020","1.505","1.505","1.505","1.505","-0.04%"
"Aug 28, 2020","1.506","1.528","1.577","1.482","-0.30%"
"Aug 27, 2020","1.510","1.408","1.516","1.363","7.24%"
"Aug 26, 2020","1.408","1.393","1.437","1.393","0.74%"
"Aug 25, 2020","1.398","1.358","1.422","1.356","3.10%"
"Aug 24, 2020","1.356","1.341","1.361","1.326","1.08%"
"Aug 23, 2020","1.341","1.343","1.343","1.341","-0.56%"
"Aug 21, 2020","1.349","1.380","1.397","1.341","-2.71%"
"Aug 20, 2020","1.387","1.413","1.419","1.367","-2.71%"
"Aug 19, 2020","1.425","1.392","1.438","1.362","1.79%"
"Aug 18, 2020","1.400","1.428","1.431","1.391","-2.51%"
"Aug 17, 2020","1.436","1.452","1.452","1.407","-1.12%"
"Aug 16, 2020","1.452","1.450","1.452","1.450","0.58%"
"Aug 14, 2020","1.444","1.425","1.450","1.398","1.37%"
"Aug 13, 2020","1.424","1.361","1.444","1.324","4.08%"
"Aug 12, 2020","1.369","1.322","1.384","1.312","2.82%"
"Aug 11, 2020","1.331","1.247","1.354","1.245","5.95%"
"Aug 10, 2020","1.256","1.250","1.256","1.217","1.78%"
"Aug 09, 2020","1.234","1.234","1.234","1.234","0.00%"
"Aug 07, 2020","1.234","1.197","1.243","1.173","2.76%"
"Aug 06, 2020","1.201","1.223","1.235","1.165","-1.98%"
"Aug 05, 2020","1.225","1.188","1.241","1.184","3.09%"
"Aug 04, 2020","1.189","1.234","1.244","1.181","-3.29%"
"Aug 03, 2020","1.229","1.199","1.258","1.198","2.60%"
"Aug 02, 2020","1.198","1.194","1.198","1.194","0.21%"
"Jul 31, 2020","1.196","1.202","1.232","1.176","-0.72%"
"Jul 30, 2020","1.204","1.237","1.243","1.190","-2.87%"
"Jul 29, 2020","1.240","1.219","1.258","1.215","1.85%"
"Jul 28, 2020","1.217","1.260","1.289","1.216","-3.29%"
"Jul 27, 2020","1.259","1.232","1.265","1.206","1.78%"
"Jul 26, 2020","1.237","1.234","1.237","1.234","0.87%"
"Jul 24, 2020","1.226","1.224","1.264","1.203","-0.51%"
"Jul 23, 2020","1.232","1.299","1.299","1.230","-5.06%"
"Jul 22, 2020","1.298","1.312","1.315","1.274","-1.07%"
"Jul 21, 2020","1.312","1.314","1.326","1.298","0.05%"
"Jul 20, 2020","1.312","1.333","1.334","1.298","-1.16%"
"Jul 17, 2020","1.327","1.310","1.333","1.287","1.23%"
"Jul 16, 2020","1.311","1.330","1.335","1.292","-1.78%"
"Jul 15, 2020","1.335","1.328","1.357","1.303","1.82%"
"Jul 14, 2020","1.311","1.314","1.328","1.278","0.15%"
"Jul 13, 2020","1.309","1.322","1.368","1.308","-1.78%"
"Jul 10, 2020","1.333","1.321","1.339","1.247","1.47%"
"Jul 09, 2020","1.313","1.398","1.402","1.301","-6.25%"
"Jul 08, 2020","1.401","1.383","1.415","1.373","1.85%"
"Jul 07, 2020","1.375","1.441","1.454","1.368","-4.47%"
"Jul 06, 2020","1.440","1.439","1.480","1.438","0.18%"
"Jul 05, 2020","1.437","1.435","1.437","1.434","0.56%"
"Jul 02, 2020","1.429","1.428","1.473","1.416","0.37%"
"Jul 01, 2020","1.424","1.412","1.466","1.411","0.79%"
"Jun 30, 2020","1.413","1.383","1.428","1.365","2.33%"
"Jun 29, 2020","1.381","1.363","1.399","1.356","1.34%"
"Jun 28, 2020","1.362","1.367","1.368","1.362","-0.66%"
"Jun 26, 2020","1.371","1.428","1.432","1.369","-4.04%"
"Jun 25, 2020","1.429","1.426","1.439","1.401","-0.18%"
"Jun 24, 2020","1.432","1.497","1.519","1.428","-4.11%"
"Jun 23, 2020","1.493","1.469","1.505","1.432","1.83%"
"Jun 22, 2020","1.466","1.466","1.473","1.428","0.05%"
"Jun 21, 2020","1.465","1.465","1.466","1.465","0.23%"
"Jun 19, 2020","1.462","1.485","1.528","1.457","-1.17%"
"Jun 18, 2020","1.480","1.524","1.525","1.459","-2.96%"
"Jun 17, 2020","1.525","1.550","1.561","1.506","-0.35%"
"Jun 16, 2020","1.530","1.508","1.582","1.484","4.65%"
"Jun 15, 2020","1.462","1.408","1.465","1.386","0.09%"
"Jun 12, 2020","1.461","1.406","1.477","1.396","4.30%"
"Jun 11, 2020","1.401","1.497","1.509","1.399","-7.60%"
"Jun 10, 2020","1.516","1.577","1.589","1.504","-3.97%"
"Jun 09, 2020","1.579","1.640","1.641","1.547","-3.93%"
"Jun 08, 2020","1.643","1.674","1.726","1.636","-1.89%"
"Jun 07, 2020","1.675","1.678","1.678","1.675","0.34%"
"Jun 05, 2020","1.669","1.626","1.762","1.602","2.07%"
"Jun 04, 2020","1.635","1.543","1.638","1.522","6.66%"
"Jun 03, 2020","1.533","1.497","1.569","1.492","2.85%"
"Jun 02, 2020","1.491","1.442","1.495","1.438","1.74%"
"Jun 01, 2020","1.465","1.400","1.474","1.398","4.62%"
"May 31, 2020","1.401","1.396","1.401","1.396","-0.74%"
"May 29, 2020","1.411","1.445","1.462","1.404","-3.52%"
"May 28, 2020","1.462","1.456","1.485","1.435","0.27%"
"May 27, 2020","1.459","1.435","1.480","1.416","0.97%"
"May 26, 2020","1.444","1.368","1.451","1.366","5.45%"
"May 25, 2020","1.370","1.368","1.371","1.368","-0.05%"
"May 22, 2020","1.370","1.385","1.392","1.329","-2.00%"
"May 21, 2020","1.398","1.397","1.404","1.368","-0.75%"
"May 20, 2020","1.409","1.409","1.444","1.388","-0.37%"
"May 19, 2020","1.414","1.439","1.465","1.408","-1.47%"
"May 18, 2020","1.435","1.327","1.460","1.323","7.97%"
"May 17, 2020","1.329","1.329","1.329","1.329","0.34%"
"May 15, 2020","1.325","1.298","1.332","1.251","2.67%"
"May 14, 2020","1.290","1.346","1.349","1.272","-4.03%"
"May 13, 2020","1.344","1.364","1.368","1.316","-2.14%"
"May 12, 2020","1.374","1.420","1.434","1.359","-2.82%"
"May 11, 2020","1.414","1.399","1.448","1.377","1.07%"
"May 10, 2020","1.399","1.396","1.399","1.396","0.94%"
"May 08, 2020","1.386","1.334","1.393","1.296","4.50%"
"May 07, 2020","1.326","1.380","1.418","1.308","-5.37%"
"May 06, 2020","1.401","1.352","1.446","1.334","5.08%"
"May 05, 2020","1.334","1.300","1.342","1.297","4.43%"
"May 04, 2020","1.277","1.245","1.306","1.230","1.92%"
"May 03, 2020","1.253","1.253","1.253","1.253","0.00%"
"May 01, 2020","1.253","1.274","1.303","1.233","-3.07%"
"Apr 30, 2020","1.293","1.244","1.300","1.219","3.38%"
"Apr 29, 2020","1.250","1.210","1.255","1.171","3.75%"
"Apr 28, 2020","1.205","1.261","1.271","1.191","-4.23%"
"Apr 27, 2020","1.259","1.178","1.264","1.172","6.80%"
"Apr 26, 2020","1.179","1.177","1.179","1.177","0.28%"
"Apr 24, 2020","1.175","1.184","1.207","1.153","-0.48%"
"Apr 23, 2020","1.181","1.212","1.232","1.168","-2.77%"
"Apr 22, 2020","1.215","1.171","1.238","1.127","4.72%"
"Apr 21, 2020","1.160","1.222","1.229","1.126","-5.44%"
"Apr 20, 2020","1.227","1.266","1.273","1.219","-3.06%"
"Apr 19, 2020","1.265","1.266","1.266","1.265","0.05%"
"Apr 17, 2020","1.265","1.275","1.297","1.183","4.19%"
"Apr 16, 2020","1.214","1.279","1.288","1.202","-4.56%"
"Apr 15, 2020","1.272","1.399","1.404","1.255","-9.23%"
"Apr 14, 2020","1.401","1.406","1.417","1.375","0.00%"
"Apr 13, 2020","1.401","1.345","1.415","1.338","4.10%"
"Apr 12, 2020","1.346","1.344","1.346","1.344","-0.52%"
"Apr 09, 2020","1.353","1.396","1.396","1.330","-1.80%"
"Apr 08, 2020","1.378","1.307","1.384","1.287","4.65%"
"Apr 07, 2020","1.316","1.308","1.389","1.292","2.33%"
"Apr 06, 2020","1.286","1.228","1.294","1.227","4.96%"
"Apr 05, 2020","1.226","1.228","1.228","1.226","0.70%"
"Apr 03, 2020","1.217","1.254","1.260","1.193","-3.39%"
"Apr 02, 2020","1.260","1.217","1.280","1.206","1.14%"
"Apr 01, 2020","1.246","1.327","1.343","1.205","-5.36%"
"Mar 31, 2020","1.316","1.338","1.363","1.290","-1.74%"
"Mar 30, 2020","1.339","1.245","1.348","1.182","7.66%"
"Mar 29, 2020","1.244","1.245","1.245","1.244","0.00%"
"Mar 27, 2020","1.244","1.434","1.441","1.243","-13.53%"
"Mar 26, 2020","1.439","1.409","1.446","1.318","-0.62%"
"Mar 25, 2020","1.448","1.404","1.472","1.313","2.83%"
"Mar 24, 2020","1.408","1.348","1.462","1.340","5.87%"
"Mar 23, 2020","1.330","1.378","1.535","1.280","-3.64%"
"Mar 22, 2020","1.380","1.393","1.393","1.380","-6.31%"
"Mar 20, 2020","1.473","1.912","1.927","1.434","-17.38%"
"Mar 19, 2020","1.783","1.747","1.931","1.597","1.12%"
"Mar 18, 2020","1.763","1.673","1.943","1.587","3.38%"
"Mar 17, 2020","1.706","1.338","1.726","1.331","29.74%"
"Mar 16, 2020","1.315","1.327","1.513","1.260","-0.96%"
"Mar 15, 2020","1.327","1.373","1.373","1.327","-16.90%"
"Mar 13, 2020","1.597","1.472","1.870","1.410","11.72%"
"Mar 12, 2020","1.430","1.375","1.496","1.157","5.66%"
"Mar 11, 2020","1.353","1.264","1.404","1.105","4.37%"
"Mar 10, 2020","1.296","1.065","1.331","1.013","25.70%"
"Mar 09, 2020","1.031","0.989","1.088","0.702","3.62%"
"Mar 08, 2020","0.995","1.302","1.302","0.995","-23.23%"
"Mar 06, 2020","1.297","1.549","1.560","1.187","-16.21%"
"Mar 05, 2020","1.547","1.701","1.701","1.536","-9.08%"
"Mar 04, 2020","1.702","1.604","1.712","1.567","5.54%"
"Mar 03, 2020","1.613","1.719","1.754","1.507","-5.46%"
"Mar 02, 2020","1.706","1.642","1.727","1.583","4.32%"
"Mar 01, 2020","1.635","1.645","1.645","1.635","-2.90%"
"Feb 28, 2020","1.684","1.780","1.787","1.638","-4.86%"
"Feb 27, 2020","1.770","1.819","1.827","1.742","-2.78%"
"Feb 26, 2020","1.821","1.830","1.870","1.786","-0.18%"
"Feb 25, 2020","1.824","1.845","1.874","1.786","-0.47%"
"Feb 24, 2020","1.833","1.918","1.918","1.811","-4.39%"
"Feb 23, 2020","1.917","1.917","1.917","1.917","0.00%"
"Feb 21, 2020","1.917","1.960","1.968","1.886","-2.33%"
"Feb 20, 2020","1.963","2.023","2.029","1.957","-2.55%"
"Feb 19, 2020","2.014","2.021","2.033","1.990","0.31%"
"Feb 18, 2020","2.008","2.028","2.029","1.983","-1.06%"
"Feb 17, 2020","2.029","2.027","2.029","2.027","-0.45%"
"Feb 14, 2020","2.038","2.076","2.102","2.024","-1.68%"
"Feb 13, 2020","2.073","2.074","2.090","2.036","-0.95%"
"Feb 12, 2020","2.093","2.071","2.101","2.063","1.35%"
"Feb 11, 2020","2.065","2.047","2.069","2.035","1.56%"
"Feb 10, 2020","2.033","2.028","2.063","2.015","0.06%"
"Feb 09, 2020","2.032","2.028","2.032","2.028","-0.66%"
"Feb 07, 2020","2.046","2.111","2.116","2.035","-3.03%"
"Feb 06, 2020","2.110","2.136","2.159","2.105","-1.03%"
"Feb 05, 2020","2.132","2.082","2.143","2.050","2.53%"
"Feb 04, 2020","2.079","1.999","2.091","1.996","3.79%"
"Feb 03, 2020","2.003","2.006","2.053","1.992","-0.10%"
"Feb 02, 2020","2.005","2.011","2.011","2.005","0.40%"
"Jan 31, 2020","1.997","2.047","2.068","1.992","-2.93%"
"Jan 30, 2020","2.057","2.044","2.063","2.004","1.16%"
"Jan 29, 2020","2.034","2.105","2.122","2.032","-3.88%"
"Jan 28, 2020","2.116","2.062","2.119","2.022","2.61%"
"Jan 27, 2020","2.062","2.085","2.111","2.049","-0.91%"
"Jan 26, 2020","2.081","2.078","2.081","2.078","-2.53%"
"Jan 24, 2020","2.135","2.187","2.210","2.121","-1.85%"
"Jan 23, 2020","2.175","2.216","2.217","2.166","-2.15%"
"Jan 22, 2020","2.223","2.245","2.253","2.207","-0.51%"
"Jan 21, 2020","2.234","2.286","2.286","2.223","-2.24%"
"Jan 20, 2020","2.286","2.285","2.286","2.284","0.03%"
"Jan 17, 2020","2.285","2.289","2.313","2.273","1.20%"
"Jan 16, 2020","2.258","2.248","2.271","2.229","0.88%"
"Jan 15, 2020","2.238","2.269","2.278","2.232","-1.50%"
"Jan 14, 2020","2.272","2.307","2.320","2.271","-1.37%"
"Jan 13, 2020","2.304","2.277","2.322","2.277","1.10%"
"Jan 12, 2020","2.279","2.279","2.279","2.279","0.00%"
"Jan 10, 2020","2.279","2.333","2.341","2.277","-2.16%"
"Jan 09, 2020","2.329","2.359","2.382","2.320","-1.45%"
"Jan 08, 2020","2.363","2.254","2.365","2.201","2.90%"
"Jan 07, 2020","2.296","2.285","2.310","2.273","0.50%"
"Jan 06, 2020","2.285","2.228","2.290","2.225","2.58%"
"Jan 05, 2020","2.227","2.231","2.231","2.227","-0.97%"
"Jan 03, 2020","2.249","2.295","2.301","2.245","-3.39%"
"Jan 02, 2020","2.328","2.395","2.419","2.316","-2.54%"
"Jan 01, 2020","2.389","2.389","2.389","2.389","0.00%"
"Dec 31, 2019","2.389","2.333","2.393","2.333","2.32%"
"Dec 30, 2019","2.335","2.317","2.391","2.315","0.78%"
"Dec 29, 2019","2.317","2.317","2.317","2.317","-0.03%"
"Dec 27, 2019","2.318","2.328","2.335","2.305","-0.16%"
"Dec 26, 2019","2.321","2.338","2.349","2.320","-0.71%"
"Dec 25, 2019","2.338","2.334","2.338","2.334","0.15%"
"Dec 24, 2019","2.334","2.355","2.376","2.328","-0.83%"
"Dec 23, 2019","2.354","2.346","2.368","2.318","0.31%"
"Dec 22, 2019","2.346","2.347","2.347","2.346","0.12%"
"Dec 20, 2019","2.344","2.356","2.376","2.341","-0.43%"
"Dec 19, 2019","2.354","2.351","2.381","2.331","0.19%"
"Dec 18, 2019","2.349","2.313","2.362","2.290","2.17%"
"Dec 17, 2019","2.299","2.290","2.326","2.270","0.38%"
"Dec 16, 2019","2.291","2.262","2.318","2.256","1.26%"
"Dec 15, 2019","2.262","2.266","2.266","2.262","0.38%"
"Dec 13, 2019","2.254","2.365","2.368","2.236","-2.50%"
"Dec 12, 2019","2.312","2.228","2.350","2.219","3.91%"
"Dec 11, 2019","2.225","2.263","2.265","2.212","-1.78%"
"Dec 10, 2019","2.265","2.256","2.277","2.232","0.38%"
"Dec 09, 2019","2.257","2.283","2.287","2.242","-1.19%"
"Dec 08, 2019","2.284","2.287","2.287","2.284","-0.03%"
"Dec 06, 2019","2.284","2.253","2.302","2.233","1.26%"
"Dec 05, 2019","2.256","2.222","2.267","2.208","1.43%"
"Dec 04, 2019","2.224","2.168","2.243","2.150","2.74%"
"Dec 03, 2019","2.165","2.267","2.292","2.142","-4.55%"
"Dec 02, 2019","2.268","2.221","2.298","2.221","2.07%"
"Dec 01, 2019","2.222","2.218","2.222","2.218","0.89%"
"Nov 29, 2019","2.203","2.203","2.228","2.180","0.06%"
"Nov 28, 2019","2.201","2.203","2.203","2.201","0.54%"
"Nov 27, 2019","2.189","2.183","2.214","2.175","0.54%"
"Nov 26, 2019","2.178","2.204","2.220","2.169","-0.89%"
"Nov 25, 2019","2.197","2.227","2.242","2.197","-1.35%"
"Nov 24, 2019","2.227","2.228","2.228","2.227","0.38%"
"Nov 22, 2019","2.219","2.229","2.244","2.200","-0.63%"
"Nov 21, 2019","2.233","2.199","2.251","2.175","1.05%"
"Nov 20, 2019","2.210","2.241","2.248","2.192","-1.85%"
"Nov 19, 2019","2.251","2.295","2.308","2.249","-2.01%"
"Nov 18, 2019","2.297","2.300","2.337","2.275","-0.16%"
"Nov 17, 2019","2.301","2.303","2.303","2.300","-0.31%"
"Nov 15, 2019","2.308","2.316","2.334","2.294","0.25%"
"Nov 14, 2019","2.303","2.364","2.371","2.287","-2.84%"
"Nov 13, 2019","2.370","2.404","2.408","2.340","-1.43%"
"Nov 12, 2019","2.404","2.407","2.434","2.374","-0.15%"
"Nov 11, 2019","2.408","2.409","2.410","2.408","-0.80%"
"Nov 08, 2019","2.427","2.403","2.430","2.364","0.74%"
"Nov 07, 2019","2.409","2.308","2.444","2.296","3.99%"
"Nov 06, 2019","2.317","2.336","2.338","2.288","-0.82%"
"Nov 05, 2019","2.336","2.282","2.354","2.276","3.04%"
"Nov 04, 2019","2.267","2.200","2.283","2.200","3.41%"
"Nov 03, 2019","2.193","2.193","2.193","2.193","0.00%"
"Nov 01, 2019","2.193","2.180","2.230","2.167","0.88%"
"Oct 31, 2019","2.173","2.259","2.275","2.165","-3.71%"
"Oct 30, 2019","2.257","2.329","2.346","2.251","-3.14%"
"Oct 29, 2019","2.330","2.342","2.352","2.308","-0.19%"
"Oct 28, 2019","2.335","2.294","2.350","2.293","1.73%"
"Oct 27, 2019","2.295","2.295","2.295","2.295","0.26%"
"Oct 25, 2019","2.289","2.253","2.298","2.243","1.12%"
"Oct 24, 2019","2.264","2.250","2.271","2.222","0.39%"
"Oct 23, 2019","2.255","2.253","2.260","2.218","-0.06%"
"Oct 22, 2019","2.256","2.297","2.299","2.250","-1.56%"
"Oct 21, 2019","2.292","2.237","2.299","2.237","2.40%"
"Oct 20, 2019","2.238","2.239","2.239","2.238","-0.45%"
"Oct 18, 2019","2.249","2.233","2.264","2.220","0.71%"
"Oct 17, 2019","2.233","2.222","2.272","2.207","0.19%"
"Oct 16, 2019","2.228","2.231","2.253","2.198","-0.20%"
"Oct 15, 2019","2.233","2.180","2.243","2.148","2.42%"
"Oct 14, 2019","2.180","2.176","2.181","2.176","-0.77%"
"Oct 11, 2019","2.197","2.155","2.243","2.132","1.70%"
"Oct 10, 2019","2.160","2.066","2.174","2.055","3.54%"
"Oct 09, 2019","2.086","2.034","2.114","2.028","2.56%"
"Oct 08, 2019","2.034","2.048","2.088","2.008","-0.93%"
"Oct 07, 2019","2.053","2.008","2.057","1.998","2.24%"
"Oct 06, 2019","2.008","2.015","2.015","2.008","-0.27%"
"Oct 04, 2019","2.014","2.034","2.048","2.004","-0.87%"
"Oct 03, 2019","2.031","2.086","2.090","2.016","-2.69%"
"Oct 02, 2019","2.088","2.097","2.134","2.067","-0.17%"
"Oct 01, 2019","2.091","2.118","2.205","2.077","-1.08%"
"Sep 30, 2019","2.114","2.134","2.163","2.110","-0.78%"
"Sep 29, 2019","2.131","2.132","2.132","2.131","0.00%"
"Sep 27, 2019","2.131","2.140","2.171","2.120","-0.69%"
"Sep 26, 2019","2.145","2.180","2.181","2.118","-1.93%"
"Sep 25, 2019","2.188","2.106","2.190","2.082","3.76%"
"Sep 24, 2019","2.109","2.167","2.170","2.085","-2.90%"
"Sep 23, 2019","2.171","2.198","2.213","2.113","0.59%"
"Sep 22, 2019","2.159","2.159","2.159","2.159","0.00%"
"Sep 20, 2019","2.159","2.226","2.238","2.153","-3.21%"
"Sep 19, 2019","2.230","2.244","2.265","2.193","-0.90%"
"Sep 18, 2019","2.251","2.272","2.285","2.211","-0.95%"
"Sep 17, 2019","2.272","2.314","2.321","2.254","-1.82%"
"Sep 16, 2019","2.315","2.384","2.386","2.268","-2.55%"
"Sep 15, 2019","2.375","2.375","2.375","2.375","0.00%"
"Sep 13, 2019","2.375","2.257","2.381","2.249","5.13%"
"Sep 12, 2019","2.259","2.245","2.280","2.142","1.48%"
"Sep 11, 2019","2.226","2.211","2.233","2.184","-0.03%"
"Sep 10, 2019","2.227","2.130","2.229","2.096","4.51%"
"Sep 09, 2019","2.131","2.027","2.134","2.024","5.09%"
"Sep 08, 2019","2.028","2.024","2.028","2.024","0.13%"
"Sep 06, 2019","2.025","2.045","2.098","2.011","-1.39%"
"Sep 05, 2019","2.054","1.975","2.091","1.972","3.93%"
"Sep 04, 2019","1.976","1.941","2.002","1.941","1.16%"
"Sep 03, 2019","1.953","1.975","2.010","1.909","-1.11%"
"Sep 02, 2019","1.975","1.979","1.979","1.975","0.61%"
"Aug 30, 2019","1.963","1.959","2.020","1.955","0.07%"
"Aug 29, 2019","1.962","1.956","2.009","1.920","1.23%"
"Aug 28, 2019","1.938","1.958","1.977","1.905","-0.78%"
"Aug 27, 2019","1.953","2.030","2.036","1.949","-4.32%"
"Aug 26, 2019","2.042","1.982","2.045","1.935","3.00%"
"Aug 25, 2019","1.982","1.979","1.983","1.979","-2.22%"
"Aug 23, 2019","2.027","2.107","2.158","2.006","-3.65%"
"Aug 22, 2019","2.104","2.070","2.110","2.033","1.43%"
"Aug 21, 2019","2.074","2.041","2.096","2.020","1.88%"
"Aug 20, 2019","2.036","2.072","2.085","2.028","-2.40%"
"Aug 19, 2019","2.086","2.060","2.130","2.049","1.10%"
"Aug 18, 2019","2.063","2.062","2.063","2.062","0.93%"
"Aug 16, 2019","2.044","1.972","2.053","1.959","4.61%"
"Aug 15, 2019","1.954","2.030","2.033","1.916","-3.29%"
"Aug 14, 2019","2.021","2.155","2.173","2.015","-6.62%"
"Aug 13, 2019","2.164","2.147","2.170","2.097","1.71%"
"Aug 12, 2019","2.128","2.299","2.299","2.119","-5.83%"
"Aug 11, 2019","2.259","2.259","2.259","2.259","0.00%"
"Aug 09, 2019","2.259","2.227","2.262","2.193","1.37%"
"Aug 08, 2019","2.229","2.224","2.322","2.220","-0.59%"
"Aug 07, 2019","2.242","2.225","2.255","2.123","0.06%"
"Aug 06, 2019","2.241","2.235","2.327","2.230","-1.03%"
"Aug 05, 2019","2.264","2.391","2.395","2.256","-5.27%"
"Aug 04, 2019","2.390","2.390","2.390","2.388","0.58%"
"Aug 02, 2019","2.376","2.445","2.457","2.368","-2.96%"
"Aug 01, 2019","2.449","2.531","2.559","2.422","-2.84%"
"Jul 31, 2019","2.521","2.581","2.586","2.516","-2.32%"
"Jul 30, 2019","2.580","2.583","2.594","2.565","-0.42%"
"Jul 29, 2019","2.591","2.592","2.596","2.567","-0.03%"
"Jul 28, 2019","2.592","2.594","2.594","2.590","-0.14%"
"Jul 26, 2019","2.596","2.610","2.616","2.578","-0.51%"
"Jul 25, 2019","2.609","2.579","2.633","2.546","1.19%"
"Jul 24, 2019","2.578","2.620","2.620","2.573","-1.45%"
"Jul 23, 2019","2.616","2.573","2.620","2.568","1.70%"
"Jul 22, 2019","2.573","2.582","2.586","2.542","-0.37%"
"Jul 21, 2019","2.582","2.583","2.583","2.582","0.03%"
"Jul 19, 2019","2.581","2.568","2.588","2.562","0.68%"
"Jul 18, 2019","2.564","2.565","2.600","2.554","0.31%"
"Jul 17, 2019","2.556","2.617","2.621","2.555","-2.23%"
"Jul 16, 2019","2.614","2.611","2.653","2.602","0.17%"
"Jul 15, 2019","2.610","2.658","2.666","2.606","-1.45%"
"Jul 14, 2019","2.648","2.648","2.648","2.648","0.00%"
"Jul 12, 2019","2.648","2.653","2.677","2.632","-0.50%"
"Jul 11, 2019","2.661","2.569","2.672","2.551","3.42%"
"Jul 10, 2019","2.574","2.541","2.598","2.537","1.10%"
"Jul 09, 2019","2.546","2.521","2.552","2.516","0.54%"
"Jul 08, 2019","2.532","2.542","2.543","2.507","-0.45%"
"Jul 07, 2019","2.543","2.543","2.543","2.543","-0.03%"
"Jul 05, 2019","2.544","2.461","2.572","2.456","3.26%"
"Jul 04, 2019","2.464","2.461","2.464","2.461","-0.26%"
"Jul 03, 2019","2.470","2.501","2.502","2.465","-1.36%"
"Jul 02, 2019","2.504","2.541","2.552","2.502","-1.93%"
"Jul 01, 2019","2.553","2.558","2.575","2.528","-0.14%"
"Jun 30, 2019","2.557","2.552","2.557","2.552","0.96%"
"Jun 28, 2019","2.533","2.535","2.549","2.521","0.08%"
"Jun 27, 2019","2.531","2.567","2.582","2.521","-1.59%"
"Jun 26, 2019","2.572","2.527","2.573","2.525","1.94%"
"Jun 25, 2019","2.523","2.544","2.552","2.516","-0.90%"
"Jun 24, 2019","2.546","2.591","2.596","2.543","-1.70%"
"Jun 23, 2019","2.590","2.587","2.590","2.587","0.15%"
"Jun 21, 2019","2.586","2.533","2.593","2.510","1.89%"
"Jun 20, 2019","2.538","2.542","2.544","2.480","-0.08%"
"Jun 19, 2019","2.540","2.550","2.578","2.533","-0.39%"
"Jun 18, 2019","2.550","2.578","2.585","2.513","-1.16%"
"Jun 17, 2019","2.580","2.591","2.613","2.573","-0.41%"
"Jun 16, 2019","2.591","2.587","2.591","2.587","0.10%"
"Jun 14, 2019","2.588","2.594","2.605","2.570","-0.46%"
"Jun 13, 2019","2.600","2.616","2.621","2.596","-0.69%"
"Jun 12, 2019","2.618","2.611","2.632","2.593","0.00%"
"Jun 11, 2019","2.618","2.622","2.656","2.613","-0.34%"
"Jun 10, 2019","2.627","2.593","2.632","2.587","1.28%"
"Jun 09, 2019","2.594","2.597","2.597","2.592","0.73%"
"Jun 07, 2019","2.575","2.621","2.627","2.559","-1.53%"
"Jun 06, 2019","2.615","2.635","2.645","2.579","-1.10%"
"Jun 05, 2019","2.644","2.611","2.649","2.584","1.58%"
"Jun 04, 2019","2.603","2.549","2.616","2.545","2.56%"
"Jun 03, 2019","2.538","2.566","2.579","2.522","-1.08%"
"Jun 02, 2019","2.566","2.569","2.569","2.566","-0.21%"
"May 31, 2019","2.571","2.625","2.631","2.567","-2.76%"
"May 30, 2019","2.644","2.689","2.705","2.641","-1.82%"
"May 29, 2019","2.693","2.705","2.706","2.655","-0.44%"
"May 28, 2019","2.705","2.735","2.741","2.698","-1.11%"
"May 27, 2019","2.735","2.736","2.737","2.735","-0.61%"
"May 24, 2019","2.752","2.753","2.766","2.743","-0.15%"
"May 23, 2019","2.756","2.810","2.811","2.731","-1.82%"
"May 22, 2019","2.807","2.844","2.849","2.807","-1.34%"
"May 21, 2019","2.845","2.836","2.854","2.826","0.21%"
"May 20, 2019","2.839","2.832","2.841","2.808","0.29%"
"May 19, 2019","2.831","2.828","2.831","2.828","0.20%"
"May 17, 2019","2.825","2.837","2.844","2.804","-0.28%"
"May 16, 2019","2.833","2.821","2.847","2.801","0.43%"
"May 15, 2019","2.821","2.848","2.855","2.808","-1.05%"
"May 14, 2019","2.851","2.837","2.860","2.833","0.46%"
"May 13, 2019","2.838","2.859","2.870","2.828","-0.75%"
"May 12, 2019","2.859","2.861","2.862","2.859","-1.06%"
"May 10, 2019","2.890","2.874","2.890","2.850","0.73%"
"May 09, 2019","2.869","2.890","2.894","2.851","-0.86%"
"May 08, 2019","2.894","2.864","2.899","2.840","1.26%"
"May 07, 2019","2.858","2.894","2.910","2.857","-1.75%"
"May 06, 2019","2.909","2.887","2.910","2.886","-0.43%"
"May 05, 2019","2.922","2.922","2.922","2.922","0.00%"
"May 03, 2019","2.922","2.931","2.962","2.912","-0.41%"
"May 02, 2019","2.934","2.920","2.948","2.903","0.89%"
"May 01, 2019","2.908","2.936","2.936","2.885","-0.75%"
"Apr 30, 2019","2.930","2.948","2.974","2.929","-0.85%"
"Apr 29, 2019","2.955","2.919","2.970","2.904","1.06%"
"Apr 26, 2019","2.924","2.938","2.955","2.916","-0.68%"
"Apr 25, 2019","2.944","2.938","2.958","2.931","0.27%"
"Apr 24, 2019","2.936","2.983","2.985","2.935","-1.54%"
"Apr 23, 2019","2.982","2.990","3.001","2.976","-0.27%"
"Apr 22, 2019","2.990","2.964","2.997","2.963","0.87%"
"Apr 21, 2019","2.964","2.965","2.965","2.964","0.18%"
"Apr 18, 2019","2.959","2.990","2.991","2.959","-1.17%"
"Apr 17, 2019","2.994","2.992","3.011","2.979","-0.03%"
"Apr 16, 2019","2.995","2.967","2.998","2.963","0.88%"
"Apr 15, 2019","2.969","2.974","2.982","2.960","-0.13%"
"Apr 14, 2019","2.973","2.974","2.974","2.973","-0.04%"
"Apr 12, 2019","2.974","2.930","2.978","2.918","1.54%"
"Apr 11, 2019","2.929","2.897","2.940","2.895","1.28%"
"Apr 10, 2019","2.892","2.913","2.923","2.886","-0.72%"
"Apr 09, 2019","2.913","2.922","2.934","2.895","-0.44%"
"Apr 08, 2019","2.926","2.909","2.930","2.896","0.57%"
"Apr 07, 2019","2.909","2.908","2.909","2.908","0.15%"
"Apr 05, 2019","2.905","2.921","2.952","2.902","-0.55%"
"Apr 04, 2019","2.921","2.929","2.938","2.913","-0.48%"
"Apr 03, 2019","2.935","2.878","2.937","2.875","2.05%"
"Apr 02, 2019","2.876","2.885","2.897","2.865","-0.55%"
"Apr 01, 2019","2.892","2.833","2.898","2.831","2.10%"
"Mar 31, 2019","2.832","2.829","2.832","2.829","0.55%"
"Mar 29, 2019","2.817","2.817","2.846","2.809","-0.07%"
"Mar 28, 2019","2.819","2.810","2.830","2.791","-0.07%"
"Mar 27, 2019","2.821","2.875","2.883","2.811","-1.91%"
"Mar 26, 2019","2.876","2.871","2.906","2.860","0.35%"
"Mar 25, 2019","2.866","2.884","2.914","2.830","-0.60%"
"Mar 24, 2019","2.883","2.884","2.884","2.882","0.29%"
"Mar 22, 2019","2.875","2.967","2.967","2.857","-3.04%"
"Mar 21, 2019","2.965","2.970","2.975","2.953","-0.17%"
"Mar 20, 2019","2.970","3.026","3.029","2.964","-1.95%"
"Mar 19, 2019","3.029","3.014","3.052","3.005","0.40%"
"Mar 18, 2019","3.017","3.014","3.033","3.007","0.06%"
"Mar 17, 2019","3.015","3.013","3.015","3.013","0.07%"
"Mar 15, 2019","3.013","3.042","3.052","3.004","-1.02%"
"Mar 14, 2019","3.044","3.016","3.049","3.010","0.86%"
"Mar 13, 2019","3.018","2.991","3.019","2.991","0.97%"
"Mar 12, 2019","2.989","3.042","3.064","2.983","-1.29%"
"Mar 11, 2019","3.028","3.013","3.046","3.008","0.56%"
"Mar 10, 2019","3.011","3.013","3.013","3.011","-0.06%"
"Mar 08, 2019","3.013","3.031","3.045","3.004","-0.46%"
"Mar 07, 2019","3.027","3.068","3.072","3.025","-1.43%"
"Mar 06, 2019","3.071","3.083","3.089","3.054","-0.39%"
"Mar 05, 2019","3.083","3.093","3.111","3.080","-0.29%"
"Mar 04, 2019","3.092","3.133","3.135","3.086","-1.34%"
"Mar 03, 2019","3.134","3.137","3.137","3.134","0.23%"
"Mar 01, 2019","3.127","3.083","3.137","3.079","1.46%"
"Feb 28, 2019","3.082","3.061","3.101","3.042","0.52%"
"Feb 27, 2019","3.066","3.007","3.077","3.005","1.93%"
"Feb 26, 2019","3.008","3.024","3.035","3.004","-0.76%"
"Feb 25, 2019","3.031","3.024","3.047","3.018","0.23%"
"Feb 24, 2019","3.024","3.023","3.024","3.023","0.23%"
"Feb 22, 2019","3.017","3.049","3.049","2.999","-1.08%"
"Feb 21, 2019","3.050","2.994","3.054","2.990","1.73%"
"Feb 20, 2019","2.998","2.981","3.013","2.970","0.64%"
"Feb 19, 2019","2.979","2.998","3.004","2.969","-0.62%"
"Feb 18, 2019","2.998","2.998","2.998","2.998","0.12%"
"Feb 15, 2019","2.994","3.002","3.024","2.984","-0.17%"
"Feb 14, 2019","2.999","3.028","3.039","2.986","-1.22%"
"Feb 13, 2019","3.036","3.030","3.045","3.018","0.40%"
"Feb 12, 2019","3.024","2.994","3.031","2.992","1.14%"
"Feb 11, 2019","2.990","2.978","3.006","2.976","0.46%"
"Feb 10, 2019","2.976","2.976","2.976","2.976","0.00%"
"Feb 08, 2019","2.976","3.001","3.005","2.971","-0.67%"
"Feb 07, 2019","2.996","3.032","3.032","2.991","-1.29%"
"Feb 06, 2019","3.035","3.035","3.043","3.008","0.00%"
"Feb 05, 2019","3.035","3.051","3.073","3.018","-0.72%"
"Feb 04, 2019","3.057","3.031","3.074","3.024","0.89%"
"Feb 03, 2019","3.030","3.030","3.030","3.030","0.16%"
"Feb 01, 2019","3.025","3.006","3.037","2.987","0.93%"
"Jan 31, 2019","2.997","3.035","3.038","2.989","-1.19%"
"Jan 30, 2019","3.033","3.045","3.072","3.031","-0.23%"
"Jan 29, 2019","3.040","3.064","3.076","3.037","-0.88%"
"Jan 28, 2019","3.067","3.061","3.072","3.040","0.18%"
"Jan 27, 2019","3.062","3.061","3.062","3.061","-0.14%"
"Jan 25, 2019","3.066","3.039","3.068","3.036","1.09%"
"Jan 24, 2019","3.033","3.062","3.070","3.025","-1.14%"
"Jan 23, 2019","3.068","3.062","3.101","3.052","0.20%"
"Jan 22, 2019","3.062","3.095","3.100","3.046","-1.09%"
"Jan 21, 2019","3.096","3.095","3.096","3.095","-0.14%"
"Jan 18, 2019","3.100","3.071","3.109","3.069","0.81%"
"Jan 17, 2019","3.075","3.069","3.085","3.048","0.03%"
"Jan 16, 2019","3.074","3.076","3.106","3.059","-0.10%"
"Jan 15, 2019","3.077","3.052","3.080","3.033","0.65%"
"Jan 14, 2019","3.057","3.056","3.064","3.007","0.78%"
"Jan 13, 2019","3.033","3.033","3.033","3.033","0.00%"
"Jan 11, 2019","3.033","3.051","3.061","3.017","-1.01%"
"Jan 10, 2019","3.064","3.008","3.066","2.986","1.93%"
"Jan 09, 2019","3.006","3.011","3.034","2.998","0.03%"
"Jan 08, 2019","3.005","2.984","3.011","2.977","0.40%"
"Jan 07, 2019","2.993","2.980","2.997","2.935","0.40%"
"Jan 06, 2019","2.981","2.982","2.982","2.981","0.00%"
"Jan 04, 2019","2.981","2.906","2.996","2.888","2.69%"
"Jan 03, 2019","2.903","2.967","2.974","2.897","-2.02%"
"Jan 02, 2019","2.963","3.016","3.059","2.953","-1.88%"
"Jan 01, 2019","3.020","3.020","3.020","3.020","0.00%"
"Dec 31, 2018","3.020","3.047","3.053","3.005","0.00%"
"Dec 30, 2018","3.020","3.020","3.020","3.020","0.00%"
"Dec 28, 2018","3.020","3.048","3.065","3.020","-1.24%"
"Dec 27, 2018","3.058","3.058","3.075","3.003","-0.23%"
"Dec 26, 2018","3.065","3.006","3.071","2.977","1.95%"
"Dec 25, 2018","3.006","3.004","3.006","3.004","0.24%"
"Dec 24, 2018","2.999","3.041","3.045","2.995","-1.02%"
"Dec 23, 2018","3.030","3.030","3.030","3.030","0.00%"
"Dec 21, 2018","3.030","3.040","3.044","3.005","-0.46%"
"Dec 20, 2018","3.044","2.989","3.053","2.957","1.84%"
"Dec 19, 2018","2.989","3.072","3.077","2.982","-2.80%"
"Dec 18, 2018","3.075","3.117","3.117","3.068","-1.25%"
"Dec 17, 2018","3.114","3.146","3.151","3.106","-1.01%"
"Dec 16, 2018","3.146","3.146","3.146","3.146","-0.14%"
"Dec 14, 2018","3.150","3.165","3.166","3.131","-0.51%"
"Dec 13, 2018","3.166","3.150","3.171","3.133","0.60%"
"Dec 12, 2018","3.147","3.129","3.154","3.125","0.74%"
"Dec 11, 2018","3.124","3.125","3.153","3.100","-0.26%"
"Dec 10, 2018","3.132","3.122","3.148","3.103","0.41%"
"Dec 09, 2018","3.119","3.118","3.119","3.118","-0.89%"
"Dec 07, 2018","3.147","3.162","3.188","3.131","-0.35%"
"Dec 06, 2018","3.158","3.172","3.178","3.106","-0.44%"
"Dec 05, 2018","3.172","3.168","3.172","3.168","0.06%"
"Dec 04, 2018","3.170","3.253","3.256","3.129","-2.52%"
"Dec 03, 2018","3.252","3.324","3.335","3.250","-2.18%"
"Dec 02, 2018","3.324","3.324","3.324","3.324","0.92%"
"Nov 30, 2018","3.294","3.323","3.327","3.291","-0.99%"
"Nov 29, 2018","3.327","3.340","3.343","3.288","-0.63%"
"Nov 28, 2018","3.348","3.319","3.352","3.306","0.87%"
"Nov 27, 2018","3.319","3.315","3.329","3.302","0.06%"
"Nov 26, 2018","3.317","3.306","3.327","3.302","0.34%"
"Nov 25, 2018","3.306","3.306","3.306","3.306","0.00%"
"Nov 23, 2018","3.306","3.317","3.326","3.278","-0.31%"
"Nov 22, 2018","3.316","3.316","3.316","3.316","0.00%"
"Nov 21, 2018","3.316","3.314","3.338","3.310","0.06%"
"Nov 20, 2018","3.314","3.322","3.325","3.289","-0.24%"
"Nov 19, 2018","3.322","3.312","3.359","3.311","0.32%"
"Nov 18, 2018","3.311","3.311","3.311","3.311","-0.20%"
"Nov 16, 2018","3.318","3.358","3.370","3.317","-1.19%"
"Nov 15, 2018","3.358","3.363","3.378","3.332","-0.24%"
"Nov 14, 2018","3.366","3.362","3.395","3.334","0.15%"
"Nov 13, 2018","3.361","3.352","3.385","3.348","0.27%"
"Nov 12, 2018","3.352","3.355","3.355","3.352","-1.07%"
"Nov 09, 2018","3.388","3.429","3.432","3.383","-1.40%"
"Nov 08, 2018","3.436","3.442","3.448","3.409","-0.17%"
"Nov 07, 2018","3.442","3.435","3.465","3.385","-0.12%"
"Nov 06, 2018","3.446","3.438","3.448","3.417","0.53%"
"Nov 05, 2018","3.428","3.452","3.456","3.421","-0.70%"
"Nov 04, 2018","3.452","3.452","3.452","3.452","-0.28%"
"Nov 02, 2018","3.462","3.382","3.467","3.382","2.55%"
"Nov 01, 2018","3.376","3.402","3.427","3.374","-0.59%"
"Oct 31, 2018","3.396","3.366","3.405","3.365","1.10%"
"Oct 30, 2018","3.359","3.331","3.371","3.329","0.75%"
"Oct 29, 2018","3.334","3.320","3.355","3.294","0.44%"
"Oct 28, 2018","3.319","3.320","3.320","3.319","0.22%"
"Oct 26, 2018","3.312","3.331","3.341","3.300","-1.10%"
"Oct 25, 2018","3.349","3.331","3.365","3.326","0.39%"
"Oct 24, 2018","3.336","3.369","3.369","3.324","-1.01%"
"Oct 23, 2018","3.370","3.386","3.386","3.312","-0.62%"
"Oct 22, 2018","3.391","3.373","3.392","3.358","0.53%"
"Oct 21, 2018","3.373","3.373","3.373","3.373","-0.17%"
"Oct 19, 2018","3.379","3.363","3.393","3.354","0.48%"
"Oct 18, 2018","3.363","3.372","3.386","3.344","-0.36%"
"Oct 17, 2018","3.375","3.338","3.376","3.313","1.20%"
"Oct 16, 2018","3.335","3.338","3.358","3.324","0.00%"
"Oct 15, 2018","3.335","3.327","3.346","3.318","0.22%"
"Oct 14, 2018","3.328","3.327","3.329","3.327","-0.31%"
"Oct 12, 2018","3.338","3.329","3.356","3.309","0.63%"
"Oct 11, 2018","3.317","3.354","3.374","3.299","-1.34%"
"Oct 10, 2018","3.362","3.376","3.418","3.349","-0.12%"
"Oct 09, 2018","3.366","3.420","3.446","3.362","-1.56%"
"Oct 08, 2018","3.420","3.423","3.423","3.418","0.43%"
"Oct 05, 2018","3.405","3.352","3.424","3.347","1.70%"
"Oct 04, 2018","3.348","3.357","3.392","3.333","0.36%"
"Oct 03, 2018","3.336","3.217","3.342","3.206","3.80%"
"Oct 02, 2018","3.214","3.238","3.239","3.196","-0.71%"
"Oct 01, 2018","3.237","3.210","3.244","3.206","0.87%"
"Sep 30, 2018","3.209","3.211","3.211","3.208","0.03%"
"Sep 28, 2018","3.208","3.176","3.210","3.161","0.72%"
"Sep 27, 2018","3.185","3.186","3.206","3.160","0.09%"
"Sep 26, 2018","3.182","3.227","3.228","3.179","-1.39%"
"Sep 25, 2018","3.227","3.226","3.249","3.224","0.09%"
"Sep 24, 2018","3.224","3.209","3.228","3.196","0.65%"
"Sep 23, 2018","3.203","3.203","3.203","3.203","0.00%"
"Sep 21, 2018","3.203","3.199","3.222","3.188","0.13%"
"Sep 20, 2018","3.199","3.211","3.243","3.195","-0.40%"
"Sep 19, 2018","3.212","3.198","3.248","3.189","0.31%"
"Sep 18, 2018","3.202","3.124","3.204","3.121","2.20%"
"Sep 17, 2018","3.133","3.128","3.159","3.120","0.00%"
"Sep 16, 2018","3.133","3.107","3.133","3.106","0.00%"
"Sep 14, 2018","3.133","3.109","3.143","3.104","0.67%"
"Sep 13, 2018","3.112","3.105","3.123","3.083","0.16%"
"Sep 12, 2018","3.107","3.119","3.120","3.100","-0.51%"
"Sep 11, 2018","3.123","3.084","3.128","3.083","1.26%"
"Sep 10, 2018","3.084","3.105","3.109","3.082","-0.66%"
"Sep 09, 2018","3.105","3.102","3.105","3.101","0.12%"
"Sep 07, 2018","3.101","3.051","3.110","3.049","1.54%"
"Sep 06, 2018","3.054","3.075","3.092","3.046","-0.72%"
"Sep 05, 2018","3.076","3.061","3.083","3.050","0.46%"
"Sep 04, 2018","3.062","3.030","3.071","3.020","1.08%"
"Sep 03, 2018","3.029","3.030","3.030","3.029","0.34%"
"Aug 31, 2018","3.019","3.008","3.030","2.978","0.40%"
"Aug 30, 2018","3.007","3.021","3.030","3.001","-0.53%"
"Aug 29, 2018","3.023","3.033","3.042","3.014","-0.36%"
"Aug 28, 2018","3.034","2.999","3.039","2.994","1.34%"
"Aug 27, 2018","2.994","2.969","2.998","2.961","0.87%"
"Aug 26, 2018","2.968","2.969","2.970","2.967","0.25%"
"Aug 24, 2018","2.961","2.977","3.000","2.960","-0.64%"
"Aug 23, 2018","2.980","2.983","2.990","2.969","-0.07%"
"Aug 22, 2018","2.982","2.989","3.000","2.972","-0.67%"
"Aug 21, 2018","3.002","2.988","3.018","2.985","0.64%"
"Aug 20, 2018","2.983","3.022","3.026","2.980","-1.33%"
"Aug 19, 2018","3.023","3.022","3.024","3.022","0.17%"
"Aug 17, 2018","3.018","3.026","3.033","3.003","-0.30%"
"Aug 16, 2018","3.027","3.030","3.053","3.024","-0.13%"
"Aug 15, 2018","3.031","3.066","3.067","3.014","-1.17%"
"Aug 14, 2018","3.067","3.046","3.070","3.037","0.69%"
"Aug 13, 2018","3.046","3.023","3.055","3.011","0.76%"
"Aug 12, 2018","3.023","3.026","3.029","3.023","-0.29%"
"Aug 10, 2018","3.032","3.077","3.090","3.012","-1.30%"
"Aug 09, 2018","3.072","3.114","3.118","3.067","-1.32%"
"Aug 08, 2018","3.113","3.120","3.132","3.105","-0.29%"
"Aug 07, 2018","3.122","3.093","3.127","3.085","0.94%"
"Aug 06, 2018","3.093","3.097","3.101","3.065","-0.09%"
"Aug 05, 2018","3.096","3.097","3.097","3.096","0.22%"
"Aug 03, 2018","3.089","3.124","3.127","3.089","-0.96%"
"Aug 02, 2018","3.119","3.130","3.136","3.100","-0.38%"
"Aug 01, 2018","3.131","3.081","3.148","3.078","1.62%"
"Jul 31, 2018","3.081","3.105","3.109","3.057","-0.84%"
"Jul 30, 2018","3.107","3.087","3.116","3.086","0.65%"
"Jul 29, 2018","3.087","3.088","3.089","3.087","0.06%"
"Jul 27, 2018","3.085","3.098","3.110","3.073","-0.61%"
"Jul 26, 2018","3.104","3.099","3.105","3.072","0.13%"
"Jul 25, 2018","3.100","3.077","3.106","3.053","0.78%"
"Jul 24, 2018","3.076","3.096","3.106","3.073","-0.61%"
"Jul 23, 2018","3.095","3.028","3.104","3.019","2.24%"
"Jul 22, 2018","3.027","3.029","3.030","3.026","-0.12%"
"Jul 20, 2018","3.031","2.965","3.033","2.956","2.47%"
"Jul 19, 2018","2.958","2.994","3.006","2.951","-1.04%"
"Jul 18, 2018","2.989","2.973","2.997","2.957","0.67%"
"Jul 17, 2018","2.969","2.964","2.976","2.951","0.27%"
"Jul 16, 2018","2.961","2.929","2.985","2.928","0.95%"
"Jul 15, 2018","2.933","2.933","2.933","2.933","0.00%"
"Jul 13, 2018","2.933","2.953","2.957","2.930","-0.48%"
"Jul 12, 2018","2.947","2.952","2.966","2.945","0.17%"
"Jul 11, 2018","2.942","2.942","2.962","2.933","-0.81%"
"Jul 10, 2018","2.966","2.966","2.974","2.955","0.00%"
"Jul 09, 2018","2.966","2.938","2.970","2.938","1.01%"
"Jul 08, 2018","2.936","2.937","2.937","2.935","0.18%"
"Jul 06, 2018","2.931","2.946","2.959","2.924","-0.54%"
"Jul 05, 2018","2.947","2.969","2.989","2.941","-0.68%"
"Jul 04, 2018","2.967","2.969","2.969","2.967","0.24%"
"Jul 03, 2018","2.960","2.993","3.008","2.958","-1.10%"
"Jul 02, 2018","2.993","2.991","2.997","2.966","0.05%"
"Jul 01, 2018","2.991","2.992","2.994","2.991","0.05%"
"Jun 29, 2018","2.990","2.971","2.998","2.954","0.78%"
"Jun 28, 2018","2.967","2.972","2.985","2.964","-0.07%"
"Jun 27, 2018","2.969","3.029","3.032","2.967","-1.82%"
"Jun 26, 2018","3.024","3.028","3.045","3.016","-0.10%"
"Jun 25, 2018","3.027","3.035","3.043","3.016","-0.22%"
"Jun 24, 2018","3.034","3.031","3.034","3.031","-0.11%"
"Jun 22, 2018","3.037","3.048","3.073","3.036","-0.20%"
"Jun 21, 2018","3.043","3.075","3.089","3.035","-1.01%"
"Jun 20, 2018","3.074","3.029","3.079","3.016","1.42%"
"Jun 19, 2018","3.031","3.028","3.036","2.991","-0.43%"
"Jun 18, 2018","3.044","3.046","3.063","3.029","-0.03%"
"Jun 17, 2018","3.045","3.045","3.045","3.045","-0.07%"
"Jun 15, 2018","3.047","3.058","3.058","3.013","-0.26%"
"Jun 14, 2018","3.055","3.086","3.089","3.046","-1.20%"
"Jun 13, 2018","3.092","3.093","3.122","3.079","-0.10%"
"Jun 12, 2018","3.095","3.098","3.118","3.087","0.06%"
"Jun 11, 2018","3.093","3.092","3.111","3.089","0.03%"
"Jun 10, 2018","3.092","3.089","3.094","3.086","0.03%"
"Jun 08, 2018","3.091","3.081","3.092","3.043","0.59%"
"Jun 07, 2018","3.073","3.126","3.152","3.043","-1.60%"
"Jun 06, 2018","3.123","3.086","3.137","3.079","1.33%"
"Jun 05, 2018","3.082","3.085","3.087","3.053","-0.10%"
"Jun 04, 2018","3.085","3.054","3.093","3.046","1.00%"
"Jun 03, 2018","3.055","3.049","3.055","3.049","0.11%"
"Jun 01, 2018","3.051","3.025","3.070","3.023","0.86%"
"May 31, 2018","3.025","3.019","3.047","2.984","0.00%"
"May 30, 2018","3.025","2.964","3.059","2.964","1.65%"
"May 29, 2018","2.976","3.069","3.078","2.954","-3.03%"
"May 28, 2018","3.069","3.090","3.090","3.065","-0.68%"
"May 25, 2018","3.090","3.125","3.143","3.080","-1.18%"
"May 24, 2018","3.127","3.161","3.174","3.115","-0.79%"
"May 23, 2018","3.152","3.201","3.211","3.148","-1.72%"
"May 22, 2018","3.207","3.198","3.220","3.189","0.19%"
"May 21, 2018","3.201","3.217","3.219","3.194","-0.45%"
"May 20, 2018","3.216","3.202","3.216","3.202","0.42%"
"May 18, 2018","3.202","3.251","3.264","3.198","-1.48%"
"May 17, 2018","3.250","3.216","3.256","3.212","0.84%"
"May 16, 2018","3.223","3.197","3.224","3.182","0.78%"
"May 15, 2018","3.198","3.133","3.225","3.127","2.11%"
"May 14, 2018","3.132","3.106","3.136","3.095","0.82%"
"May 13, 2018","3.106","3.102","3.107","3.102","0.15%"
"May 11, 2018","3.102","3.115","3.123","3.093","-0.23%"
"May 10, 2018","3.109","3.160","3.164","3.107","-1.71%"
"May 09, 2018","3.163","3.132","3.168","3.129","1.12%"
"May 08, 2018","3.128","3.121","3.149","3.113","0.16%"
"May 07, 2018","3.123","3.128","3.129","3.106","-0.18%"
"May 06, 2018","3.129","3.133","3.133","3.128","0.18%"
"May 04, 2018","3.123","3.125","3.139","3.089","0.00%"
"May 03, 2018","3.123","3.148","3.156","3.102","-0.89%"
"May 02, 2018","3.151","3.129","3.160","3.120","0.67%"
"May 01, 2018","3.130","3.125","3.147","3.111","0.19%"
"Apr 30, 2018","3.124","3.137","3.139","3.095","-0.10%"
"Apr 29, 2018","3.127","3.127","3.127","3.127","0.00%"
"Apr 27, 2018","3.127","3.168","3.169","3.123","-1.14%"
"Apr 26, 2018","3.163","3.208","3.217","3.161","-1.53%"
"Apr 25, 2018","3.212","3.175","3.219","3.172","0.91%"
"Apr 24, 2018","3.183","3.148","3.185","3.125","1.24%"
"Apr 23, 2018","3.144","3.152","3.180","3.139","-0.24%"
"Apr 22, 2018","3.152","3.147","3.153","3.147","0.15%"
"Apr 20, 2018","3.147","3.106","3.151","3.096","1.45%"
"Apr 19, 2018","3.102","3.058","3.127","3.048","1.34%"
"Apr 18, 2018","3.061","3.015","3.063","3.009","1.46%"
"Apr 17, 2018","3.017","3.027","3.044","2.997","-0.26%"
"Apr 16, 2018","3.025","3.043","3.072","3.025","-0.62%"
"Apr 15, 2018","3.044","3.027","3.046","3.027","0.56%"
"Apr 13, 2018","3.027","3.032","3.050","3.018","-0.62%"
"Apr 12, 2018","3.046","2.994","3.050","2.989","1.74%"
"Apr 11, 2018","2.994","3.024","3.027","2.970","-0.86%"
"Apr 10, 2018","3.020","3.017","3.042","3.006","0.20%"
"Apr 09, 2018","3.014","3.030","3.052","3.004","-0.56%"
"Apr 08, 2018","3.031","3.019","3.032","3.019","0.40%"
"Apr 06, 2018","3.019","3.060","3.074","3.014","-1.79%"
"Apr 05, 2018","3.074","3.042","3.078","3.037","1.02%"
"Apr 04, 2018","3.043","3.009","3.044","2.987","0.96%"
"Apr 03, 2018","3.014","2.973","3.025","2.967","1.58%"
"Apr 02, 2018","2.967","2.991","3.010","2.956","-0.81%"
"Apr 01, 2018","2.991","2.972","2.991","2.972","0.64%"
"Mar 29, 2018","2.972","3.022","3.029","2.968","-1.62%"
"Mar 28, 2018","3.021","3.035","3.048","2.999","-0.20%"
"Mar 27, 2018","3.027","3.088","3.093","3.021","-1.91%"
"Mar 26, 2018","3.086","3.070","3.101","3.052","0.45%"
"Mar 25, 2018","3.072","3.062","3.073","3.062","0.33%"
"Mar 23, 2018","3.062","3.046","3.101","3.040","0.13%"
"Mar 22, 2018","3.058","3.116","3.122","3.032","-1.70%"
"Mar 21, 2018","3.111","3.128","3.157","3.099","-0.67%"
"Mar 20, 2018","3.132","3.086","3.136","3.083","1.42%"
"Mar 19, 2018","3.088","3.088","3.111","3.067","0.00%"
"Mar 18, 2018","3.088","3.077","3.129","3.077","0.37%"
"Mar 16, 2018","3.077","3.058","3.089","3.035","0.62%"
"Mar 15, 2018","3.058","3.056","3.070","3.042","-0.03%"
"Mar 14, 2018","3.059","3.098","3.101","3.046","-1.29%"
"Mar 13, 2018","3.099","3.131","3.146","3.093","-0.93%"
"Mar 12, 2018","3.128","3.166","3.174","3.124","-1.21%"
"Mar 11, 2018","3.166","3.161","3.172","3.161","0.17%"
"Mar 09, 2018","3.161","3.134","3.178","3.128","1.22%"
"Mar 08, 2018","3.123","3.151","3.163","3.111","-0.86%"
"Mar 07, 2018","3.150","3.122","3.158","3.117","-0.10%"
"Mar 06, 2018","3.153","3.152","3.173","3.123","0.00%"
"Mar 05, 2018","3.153","3.131","3.172","3.096","0.76%"
"Mar 04, 2018","3.129","3.142","3.142","3.128","-0.41%"
"Mar 02, 2018","3.142","3.097","3.147","3.074","1.62%"
"Mar 01, 2018","3.092","3.129","3.146","3.079","-1.12%"
"Feb 28, 2018","3.127","3.163","3.172","3.124","-1.14%"
"Feb 27, 2018","3.163","3.155","3.199","3.133","0.22%"
"Feb 26, 2018","3.156","3.161","3.163","3.123","-0.17%"
"Feb 25, 2018","3.161","3.155","3.165","3.155","0.20%"
"Feb 23, 2018","3.155","3.210","3.225","3.151","-1.53%"
"Feb 22, 2018","3.204","3.217","3.220","3.180","-0.74%"
"Feb 21, 2018","3.228","3.157","3.233","3.140","2.31%"
"Feb 20, 2018","3.155","3.137","3.174","3.136","0.62%"
"Feb 19, 2018","3.136","3.134","3.142","3.133","0.16%"
"Feb 18, 2018","3.131","3.131","3.131","3.131","0.00%"
"Feb 16, 2018","3.131","3.164","3.164","3.103","-0.98%"
"Feb 15, 2018","3.162","3.162","3.189","3.120","-0.32%"
"Feb 14, 2018","3.172","3.115","3.184","3.092","1.76%"
"Feb 13, 2018","3.117","3.147","3.148","3.112","-0.86%"
"Feb 12, 2018","3.144","3.199","3.199","3.098","-0.67%"
"Feb 11, 2018","3.165","3.165","3.165","3.165","0.00%"
"Feb 09, 2018","3.165","3.128","3.172","3.110","1.12%"
"Feb 08, 2018","3.130","3.104","3.168","3.101","0.68%"
"Feb 07, 2018","3.109","3.065","3.133","3.028","1.37%"
"Feb 06, 2018","3.067","3.028","3.077","2.965","2.13%"
"Feb 05, 2018","3.003","3.095","3.136","2.976","-3.01%"
"Feb 04, 2018","3.096","3.098","3.100","3.094","0.29%"
"Feb 02, 2018","3.087","3.026","3.099","3.019","2.32%"
"Feb 01, 2018","3.017","2.947","3.032","2.938","2.58%"
"Jan 31, 2018","2.941","2.971","2.983","2.936","-1.14%"
"Jan 30, 2018","2.975","2.951","2.994","2.932","0.88%"
"Jan 29, 2018","2.949","2.910","2.971","2.905","1.40%"
"Jan 28, 2018","2.908","2.911","2.920","2.908","-0.10%"
"Jan 26, 2018","2.911","2.886","2.927","2.885","0.69%"
"Jan 25, 2018","2.891","2.931","2.940","2.878","-1.36%"
"Jan 24, 2018","2.931","2.892","2.956","2.891","1.17%"
"Jan 23, 2018","2.897","2.916","2.920","2.877","-0.69%"
"Jan 22, 2018","2.917","2.935","2.944","2.899","-0.60%"
"Jan 21, 2018","2.935","2.933","2.938","2.933","0.06%"
"Jan 19, 2018","2.933","2.904","2.936","2.891","1.10%"
"Jan 18, 2018","2.901","2.853","2.907","2.848","1.65%"
"Jan 17, 2018","2.854","2.825","2.858","2.808","0.81%"
"Jan 16, 2018","2.831","2.855","2.859","2.822","-0.85%"
"Jan 15, 2018","2.855","2.855","2.855","2.852","0.12%"
"Jan 12, 2018","2.852","2.875","2.903","2.848","-0.52%"
"Jan 11, 2018","2.867","2.897","2.915","2.856","-1.10%"
"Jan 10, 2018","2.899","2.895","2.946","2.884","0.21%"
"Jan 09, 2018","2.893","2.812","2.898","2.807","2.95%"
"Jan 08, 2018","2.810","2.807","2.827","2.790","0.07%"
"Jan 07, 2018","2.808","2.808","2.808","2.808","0.00%"
"Jan 05, 2018","2.808","2.787","2.820","2.778","0.83%"
"Jan 04, 2018","2.785","2.796","2.816","2.780","0.11%"
"Jan 03, 2018","2.782","2.815","2.825","2.779","-0.96%"
"Jan 02, 2018","2.809","2.744","2.827","2.744","2.55%"
"Jan 01, 2018","2.739","2.739","2.739","2.739","0.00%"
"Dec 29, 2017","2.739","2.758","2.779","2.738","-0.69%"
"Dec 28, 2017","2.758","2.758","2.780","2.751","0.36%"
"Dec 27, 2017","2.748","2.825","2.825","2.740","-2.62%"
"Dec 26, 2017","2.822","2.850","2.859","2.803","-0.98%"
"Dec 25, 2017","2.850","2.833","2.858","2.833","0.59%"
"Dec 22, 2017","2.833","2.842","2.848","2.832","-0.25%"
"Dec 21, 2017","2.840","2.874","2.882","2.829","-1.29%"
"Dec 20, 2017","2.877","2.814","2.884","2.804","2.24%"
"Dec 19, 2017","2.814","2.744","2.832","2.730","2.70%"
"Dec 18, 2017","2.740","2.699","2.752","2.692","1.56%"
"Dec 17, 2017","2.698","2.686","2.699","2.686","0.45%"
"Dec 16, 2017","2.686","2.686","2.686","2.686","0.00%"
"Dec 15, 2017","2.686","2.711","2.725","2.678","-0.74%"
"Dec 14, 2017","2.706","2.731","2.758","2.704","-0.88%"
"Dec 13, 2017","2.730","2.775","2.797","2.726","-1.62%"
"Dec 12, 2017","2.775","2.772","2.808","2.764","-0.07%"
"Dec 11, 2017","2.777","2.771","2.778","2.739","0.22%"
"Dec 10, 2017","2.771","2.767","2.772","2.767","0.14%"
"Dec 08, 2017","2.767","2.769","2.790","2.758","0.29%"
"Dec 07, 2017","2.759","2.730","2.776","2.700","1.17%"
"Dec 06, 2017","2.727","2.735","2.744","2.695","-0.18%"
"Dec 05, 2017","2.732","2.770","2.787","2.726","-1.09%"
"Dec 04, 2017","2.762","2.818","2.818","2.761","-1.97%"
"Dec 03, 2017","2.818","2.758","2.818","2.758","2.16%"
"Dec 01, 2017","2.758","2.828","2.833","2.716","-2.61%"
"Nov 30, 2017","2.832","2.820","2.869","2.817","0.28%"
"Nov 29, 2017","2.824","2.763","2.837","2.749","2.47%"
"Nov 28, 2017","2.756","2.768","2.782","2.745","-0.47%"
"Nov 27, 2017","2.769","2.762","2.778","2.738","0.24%"
"Nov 26, 2017","2.762","2.761","2.764","2.761","0.05%"
"Nov 24, 2017","2.761","2.741","2.779","2.741","0.71%"
"Nov 23, 2017","2.741","2.741","2.745","2.739","0.00%"
"Nov 22, 2017","2.741","2.755","2.789","2.739","-0.69%"
"Nov 21, 2017","2.760","2.779","2.781","2.739","-0.79%"
"Nov 20, 2017","2.782","2.775","2.801","2.760","0.29%"
"Nov 19, 2017","2.774","2.779","2.779","2.770","-0.18%"
"Nov 17, 2017","2.779","2.823","2.827","2.777","-1.59%"
"Nov 16, 2017","2.824","2.765","2.828","2.765","2.02%"
"Nov 15, 2017","2.768","2.828","2.830","2.763","-2.26%"
"Nov 14, 2017","2.832","2.869","2.877","2.825","-1.46%"
"Nov 13, 2017","2.874","2.881","2.881","2.843","-0.20%"
"Nov 12, 2017","2.880","2.881","2.881","2.880","-0.11%"
"Nov 10, 2017","2.883","2.815","2.890","2.812","2.45%"
"Nov 09, 2017","2.814","2.789","2.821","2.781","0.82%"
"Nov 08, 2017","2.791","2.769","2.793","2.766","0.43%"
"Nov 07, 2017","2.779","2.794","2.810","2.765","-0.64%"
"Nov 06, 2017","2.797","2.824","2.836","2.791","-0.98%"
"Nov 05, 2017","2.825","2.824","2.826","2.822","0.45%"
"Nov 03, 2017","2.812","2.824","2.839","2.809","-0.53%"
"Nov 02, 2017","2.827","2.855","2.866","2.822","-1.02%"
"Nov 01, 2017","2.856","2.879","2.899","2.836","-0.66%"
"Oct 31, 2017","2.875","2.877","2.894","2.870","-0.28%"
"Oct 30, 2017","2.883","2.919","2.929","2.878","-1.25%"
"Oct 29, 2017","2.920","2.925","2.925","2.917","-0.19%"
"Oct 27, 2017","2.925","2.967","2.980","2.918","-1.58%"
"Oct 26, 2017","2.972","2.942","2.974","2.917","0.92%"
"Oct 25, 2017","2.945","2.931","2.980","2.928","0.31%"
"Oct 24, 2017","2.936","2.885","2.942","2.882","1.73%"
"Oct 23, 2017","2.886","2.902","2.911","2.874","-0.54%"
"Oct 22, 2017","2.902","2.895","2.904","2.895","0.27%"
"Oct 20, 2017","2.894","2.838","2.913","2.833","2.01%"
"Oct 19, 2017","2.837","2.853","2.855","2.805","-0.49%"
"Oct 18, 2017","2.851","2.805","2.863","2.803","1.68%"
"Oct 17, 2017","2.804","2.818","2.842","2.801","-0.60%"
"Oct 16, 2017","2.821","2.817","2.832","2.806","0.15%"
"Oct 15, 2017","2.817","2.806","2.820","2.806","0.38%"
"Oct 13, 2017","2.806","2.851","2.862","2.805","-1.58%"
"Oct 12, 2017","2.851","2.883","2.885","2.847","-1.21%"
"Oct 11, 2017","2.886","2.890","2.899","2.863","-0.07%"
"Oct 10, 2017","2.888","2.898","2.908","2.852","-0.36%"
"Oct 09, 2017","2.898","2.896","2.900","2.896","0.08%"
"Oct 06, 2017","2.896","2.890","2.933","2.886","0.28%"
"Oct 05, 2017","2.888","2.873","2.901","2.859","0.80%"
"Oct 04, 2017","2.865","2.867","2.894","2.847","0.07%"
"Oct 03, 2017","2.863","2.871","2.902","2.861","-0.28%"
"Oct 02, 2017","2.871","2.865","2.891","2.842","0.27%"
"Oct 01, 2017","2.863","2.865","2.865","2.862","-0.09%"
"Sep 29, 2017","2.866","2.870","2.884","2.851","-0.10%"
"Sep 28, 2017","2.869","2.858","2.904","2.855","0.21%"
"Sep 27, 2017","2.863","2.775","2.870","2.773","3.21%"
"Sep 26, 2017","2.774","2.765","2.788","2.752","0.47%"
"Sep 25, 2017","2.761","2.792","2.796","2.752","-1.07%"
"Sep 24, 2017","2.791","2.785","2.792","2.785","0.22%"
"Sep 22, 2017","2.785","2.800","2.803","2.775","-0.71%"
"Sep 21, 2017","2.805","2.817","2.821","2.782","-0.21%"
"Sep 20, 2017","2.811","2.815","2.836","2.793","-0.14%"
"Sep 19, 2017","2.815","2.795","2.818","2.786","0.43%"
"Sep 18, 2017","2.803","2.777","2.814","2.772","1.22%"
"Sep 17, 2017","2.769","2.769","2.769","2.769","0.00%"
"Sep 15, 2017","2.769","2.761","2.784","2.758","0.04%"
"Sep 14, 2017","2.768","2.786","2.812","2.765","-0.79%"
"Sep 13, 2017","2.790","2.769","2.797","2.760","0.65%"
"Sep 12, 2017","2.772","2.741","2.788","2.737","0.87%"
"Sep 11, 2017","2.748","2.703","2.752","2.700","1.71%"
"Sep 10, 2017","2.702","2.702","2.703","2.700","1.15%"
"Sep 08, 2017","2.671","2.660","2.694","2.636","0.34%"
"Sep 07, 2017","2.662","2.718","2.718","2.651","-2.28%"
"Sep 06, 2017","2.724","2.677","2.730","2.674","1.60%"
"Sep 05, 2017","2.681","2.751","2.770","2.680","-3.37%"
"Sep 03, 2017","2.775","2.775","2.775","2.775","0.00%"
"Sep 01, 2017","2.775","2.731","2.782","2.716","1.76%"
"Aug 31, 2017","2.727","2.745","2.758","2.723","-0.47%"
"Aug 30, 2017","2.740","2.742","2.758","2.735","0.04%"
"Aug 29, 2017","2.739","2.728","2.752","2.687","-0.62%"
"Aug 28, 2017","2.756","2.755","2.775","2.747","0.08%"
"Aug 27, 2017","2.754","2.754","2.755","2.753","0.17%"
"Aug 25, 2017","2.749","2.768","2.776","2.743","-0.72%"
"Aug 24, 2017","2.769","2.751","2.774","2.747","0.80%"
"Aug 23, 2017","2.747","2.789","2.793","2.745","-1.51%"
"Aug 22, 2017","2.789","2.765","2.793","2.765","0.87%"
"Aug 21, 2017","2.765","2.789","2.789","2.758","-0.85%"
"Aug 20, 2017","2.789","2.789","2.790","2.788","0.35%"
"Aug 18, 2017","2.779","2.779","2.793","2.754","0.22%"
"Aug 17, 2017","2.773","2.810","2.828","2.772","-1.21%"
"Aug 16, 2017","2.807","2.847","2.866","2.803","-1.40%"
"Aug 15, 2017","2.847","2.813","2.871","2.812","1.21%"
"Aug 14, 2017","2.813","2.797","2.818","2.793","0.56%"
"Aug 13, 2017","2.797","2.793","2.798","2.793","0.37%"
"Aug 11, 2017","2.787","2.773","2.820","2.769","0.40%"
"Aug 10, 2017","2.776","2.828","2.832","2.774","-1.73%"
"Aug 09, 2017","2.825","2.840","2.841","2.790","-0.67%"
"Aug 08, 2017","2.844","2.835","2.874","2.831","0.25%"
"Aug 07, 2017","2.837","2.849","2.856","2.834","-0.42%"
"Aug 06, 2017","2.849","2.842","2.849","2.842","0.24%"
"Aug 04, 2017","2.842","2.797","2.864","2.794","1.72%"
"Aug 03, 2017","2.794","2.853","2.857","2.793","-2.10%"
"Aug 02, 2017","2.854","2.861","2.882","2.833","-0.04%"
"Aug 01, 2017","2.855","2.905","2.930","2.851","-1.59%"
"Jul 31, 2017","2.901","2.888","2.917","2.880","0.38%"
"Jul 30, 2017","2.890","2.895","2.895","2.890","-0.14%"
"Jul 28, 2017","2.894","2.912","2.941","2.890","-1.30%"
"Jul 27, 2017","2.932","2.891","2.944","2.878","1.24%"
"Jul 26, 2017","2.896","2.918","2.931","2.885","-0.58%"
"Jul 25, 2017","2.913","2.838","2.919","2.830","2.75%"
"Jul 24, 2017","2.835","2.803","2.837","2.802","1.10%"
"Jul 23, 2017","2.804","2.804","2.804","2.803","-0.17%"
"Jul 21, 2017","2.809","2.831","2.835","2.796","-0.53%"
"Jul 20, 2017","2.824","2.851","2.855","2.809","-0.95%"
"Jul 19, 2017","2.851","2.853","2.864","2.840","0.07%"
"Jul 18, 2017","2.849","2.902","2.902","2.846","-1.83%"
"Jul 17, 2017","2.902","2.920","2.923","2.881","-0.60%"
"Jul 16, 2017","2.920","2.920","2.920","2.920","0.00%"
"Jul 14, 2017","2.920","2.922","2.927","2.868","0.03%"
"Jul 13, 2017","2.919","2.888","2.938","2.866","1.14%"
"Jul 12, 2017","2.886","2.923","2.927","2.878","-1.27%"
"Jul 11, 2017","2.923","2.930","2.946","2.909","-0.07%"
"Jul 10, 2017","2.925","2.931","2.937","2.909","-0.16%"
"Jul 09, 2017","2.930","2.931","2.933","2.930","0.13%"
"Jul 07, 2017","2.926","2.904","2.943","2.902","0.83%"
"Jul 06, 2017","2.902","2.855","2.923","2.847","1.86%"
"Jul 05, 2017","2.849","2.857","2.870","2.845","-0.25%"
"Jul 04, 2017","2.856","2.858","2.858","2.855","-0.28%"
"Jul 03, 2017","2.864","2.849","2.873","2.823","0.52%"
"Jul 02, 2017","2.849","2.834","2.849","2.834","0.54%"
"Jul 01, 2017","2.834","2.834","2.834","2.834","0.00%"
"Jun 30, 2017","2.834","2.817","2.849","2.813","0.71%"
"Jun 29, 2017","2.814","2.779","2.842","2.771","1.26%"
"Jun 28, 2017","2.779","2.748","2.807","2.745","1.05%"
"Jun 27, 2017","2.750","2.701","2.765","2.687","2.00%"
"Jun 26, 2017","2.696","2.718","2.730","2.682","-0.77%"
"Jun 25, 2017","2.717","2.715","2.718","2.715","0.07%"
"Jun 23, 2017","2.715","2.718","2.739","2.710","-0.04%"
"Jun 22, 2017","2.716","2.727","2.739","2.713","-0.51%"
"Jun 21, 2017","2.730","2.742","2.754","2.721","-0.22%"
"Jun 20, 2017","2.736","2.790","2.792","2.733","-1.72%"
"Jun 19, 2017","2.784","2.780","2.793","2.762","0.10%"
"Jun 18, 2017","2.781","2.778","2.781","2.777","0.22%"
"Jun 16, 2017","2.775","2.791","2.799","2.773","-0.43%"
"Jun 15, 2017","2.787","2.770","2.799","2.766","0.65%"
"Jun 14, 2017","2.769","2.864","2.866","2.765","-3.35%"
"Jun 13, 2017","2.865","2.872","2.886","2.859","-0.14%"
"Jun 12, 2017","2.869","2.865","2.873","2.836","0.17%"
"Jun 11, 2017","2.864","2.866","2.866","2.862","0.28%"
"Jun 09, 2017","2.856","2.839","2.883","2.831","0.18%"
"Jun 08, 2017","2.851","2.845","2.866","2.834","0.39%"
"Jun 07, 2017","2.840","2.817","2.842","2.808","1.03%"
"Jun 06, 2017","2.811","2.837","2.837","2.793","-0.99%"
"Jun 05, 2017","2.839","2.811","2.845","2.805","1.03%"
"Jun 04, 2017","2.810","2.806","2.811","2.806","0.00%"
"Jun 02, 2017","2.810","2.866","2.872","2.799","-1.89%"
"Jun 01, 2017","2.864","2.868","2.893","2.863","-0.07%"
"May 31, 2017","2.866","2.884","2.898","2.856","-0.38%"
"May 30, 2017","2.877","2.905","2.912","2.876","-0.99%"
"May 29, 2017","2.906","2.905","2.906","2.904","-0.35%"
"May 26, 2017","2.916","2.920","2.921","2.896","-0.14%"
"May 25, 2017","2.920","2.924","2.942","2.915","-0.10%"
"May 24, 2017","2.923","2.944","2.952","2.917","-0.68%"
"May 23, 2017","2.943","2.897","2.953","2.889","1.06%"
"May 22, 2017","2.912","2.903","2.916","2.896","0.32%"
"May 21, 2017","2.903","2.897","2.903","2.897","0.20%"
"May 19, 2017","2.897","2.904","2.924","2.890","-0.10%"
"May 18, 2017","2.900","2.921","2.934","2.874","-0.21%"
"May 17, 2017","2.906","2.967","2.974","2.894","-2.87%"
"May 16, 2017","2.992","3.005","3.025","2.968","-0.43%"
"May 15, 2017","3.005","2.988","3.020","2.986","0.57%"
"May 14, 2017","2.988","2.986","2.989","2.986","0.07%"
"May 12, 2017","2.986","3.029","3.031","2.982","-1.45%"
"May 11, 2017","3.030","3.037","3.059","3.022","-0.20%"
"May 10, 2017","3.036","3.021","3.046","3.000","0.33%"
"May 09, 2017","3.026","3.024","3.047","3.017","0.07%"
"May 08, 2017","3.024","2.993","3.026","2.962","1.05%"
"May 07, 2017","2.993","2.990","2.993","2.990","0.09%"
"May 05, 2017","2.990","3.004","3.027","2.977","-0.27%"
"May 04, 2017","2.998","2.970","3.020","2.969","0.98%"
"May 03, 2017","2.969","2.976","2.990","2.939","-0.24%"
"May 02, 2017","2.976","3.006","3.020","2.970","-0.93%"
"May 01, 2017","3.004","2.951","3.021","2.949","1.83%"
"Apr 30, 2017","2.950","2.958","2.958","2.946","-0.27%"
"Apr 28, 2017","2.958","2.964","3.000","2.949","-0.40%"
"Apr 27, 2017","2.970","2.970","2.987","2.952","0.30%"
"Apr 26, 2017","2.961","2.986","3.003","2.958","-0.87%"
"Apr 25, 2017","2.987","2.923","2.997","2.923","2.08%"
"Apr 24, 2017","2.926","2.952","2.964","2.912","0.76%"
"Apr 22, 2017","2.904","2.904","2.904","2.904","0.00%"
"Apr 21, 2017","2.904","2.889","2.905","2.861","0.69%"
"Apr 20, 2017","2.884","2.866","2.908","2.851","0.35%"
"Apr 19, 2017","2.874","2.848","2.883","2.841","1.27%"
"Apr 18, 2017","2.838","2.912","2.915","2.824","-2.34%"
"Apr 17, 2017","2.906","2.871","2.918","2.867","1.26%"
"Apr 16, 2017","2.870","2.871","2.871","2.868","-0.63%"
"Apr 13, 2017","2.888","2.891","2.916","2.870","-0.07%"
"Apr 12, 2017","2.890","2.931","2.944","2.886","-1.37%"
"Apr 11, 2017","2.930","2.981","2.983","2.925","-2.01%"
"Apr 10, 2017","2.990","3.009","3.018","2.972","-0.59%"
"Apr 09, 2017","3.008","3.009","3.021","3.008","-0.04%"
"Apr 07, 2017","3.009","2.993","3.013","2.939","0.77%"
"Apr 06, 2017","2.986","2.983","3.020","2.981","-0.07%"
"Apr 05, 2017","2.988","2.997","3.027","2.974","-0.50%"
"Apr 04, 2017","3.003","2.961","3.003","2.956","1.66%"
"Apr 03, 2017","2.954","3.015","3.035","2.952","-2.00%"
"Apr 02, 2017","3.014","3.016","3.017","3.013","0.07%"
"Mar 31, 2017","3.012","3.027","3.048","3.010","-0.73%"
"Mar 30, 2017","3.034","2.993","3.037","2.978","1.57%"
"Mar 29, 2017","2.987","3.029","3.031","2.984","-1.29%"
"Mar 28, 2017","3.026","2.987","3.029","2.964","1.44%"
"Mar 27, 2017","2.983","2.985","2.993","2.960","-0.06%"
"Mar 26, 2017","2.985","3.017","3.017","2.982","-1.07%"
"Mar 24, 2017","3.017","3.030","3.047","2.998","-0.43%"
"Mar 23, 2017","3.030","3.019","3.045","3.001","0.43%"
"Mar 22, 2017","3.017","3.033","3.037","2.992","-0.53%"
"Mar 21, 2017","3.033","3.081","3.111","3.032","-1.43%"
"Mar 20, 2017","3.077","3.111","3.124","3.075","-1.05%"
"Mar 19, 2017","3.110","3.110","3.110","3.110","0.00%"
"Mar 18, 2017","3.110","3.110","3.110","3.110","0.00%"
"Mar 17, 2017","3.110","3.149","3.152","3.103","-1.18%"
"Mar 16, 2017","3.147","3.109","3.156","3.096","1.12%"
"Mar 15, 2017","3.112","3.173","3.177","3.094","-2.11%"
"Mar 14, 2017","3.179","3.203","3.215","3.165","-1.03%"
"Mar 13, 2017","3.212","3.165","3.213","3.144","1.47%"
"Mar 12, 2017","3.165","3.164","3.167","3.164","0.11%"
"Mar 10, 2017","3.162","3.195","3.200","3.161","-0.94%"
"Mar 09, 2017","3.192","3.151","3.195","3.146","1.30%"
"Mar 08, 2017","3.151","3.121","3.175","3.106","1.06%"
"Mar 07, 2017","3.118","3.100","3.123","3.091","0.58%"
"Mar 06, 2017","3.100","3.069","3.109","3.053","0.99%"
"Mar 05, 2017","3.070","3.071","3.074","3.070","-0.17%"
"Mar 03, 2017","3.075","3.075","3.106","3.063","0.00%"
"Mar 02, 2017","3.075","3.070","3.101","3.055","0.42%"
"Mar 01, 2017","3.062","3.007","3.083","2.998","2.13%"
"Feb 28, 2017","2.998","2.986","2.999","2.949","0.47%"
"Feb 27, 2017","2.984","2.961","2.990","2.953","0.79%"
"Feb 26, 2017","2.961","2.953","2.961","2.953","0.25%"
"Feb 24, 2017","2.953","3.015","3.023","2.948","-2.06%"
"Feb 23, 2017","3.015","3.036","3.042","3.012","-0.63%"
"Feb 22, 2017","3.034","3.049","3.064","2.999","-0.23%"
"Feb 21, 2017","3.041","3.042","3.065","3.017","-0.04%"
"Feb 20, 2017","3.042","3.041","3.043","3.041","0.54%"
"Feb 17, 2017","3.026","3.058","3.066","3.003","-0.72%"
"Feb 16, 2017","3.048","3.081","3.086","3.030","-1.04%"
"Feb 15, 2017","3.080","3.067","3.109","3.062","0.69%"
"Feb 14, 2017","3.059","3.031","3.096","3.025","0.92%"
"Feb 13, 2017","3.031","3.021","3.049","3.010","0.34%"
"Feb 12, 2017","3.021","3.006","3.023","3.006","0.49%"
"Feb 10, 2017","3.006","3.016","3.046","3.001","-0.10%"
"Feb 09, 2017","3.009","2.953","3.022","2.948","2.07%"
"Feb 08, 2017","2.948","3.018","3.024","2.945","-2.45%"
"Feb 07, 2017","3.022","3.051","3.085","3.004","-1.18%"
"Feb 06, 2017","3.058","3.094","3.097","3.045","-1.20%"
"Feb 05, 2017","3.095","3.093","3.114","3.093","0.04%"
"Feb 03, 2017","3.094","3.094","3.127","3.060","0.23%"
"Feb 02, 2017","3.087","3.083","3.095","3.040","0.10%"
"Feb 01, 2017","3.084","3.065","3.109","3.063","0.46%"
"Jan 31, 2017","3.070","3.079","3.098","3.034","-0.26%"
"Jan 30, 2017","3.078","3.060","3.095","3.049","0.63%"
"Jan 29, 2017","3.059","3.061","3.061","3.056","-0.07%"
"Jan 27, 2017","3.061","3.088","3.107","3.057","-0.91%"
"Jan 26, 2017","3.089","3.098","3.131","3.083","-0.39%"
"Jan 25, 2017","3.101","3.042","3.118","3.034","1.67%"
"Jan 24, 2017","3.050","2.996","3.059","2.979","2.04%"
"Jan 23, 2017","2.989","3.028","3.054","2.966","-1.25%"
"Jan 22, 2017","3.027","3.033","3.033","3.024","-0.73%"
"Jan 20, 2017","3.049","3.042","3.086","3.028","0.13%"
"Jan 19, 2017","3.045","3.009","3.070","2.991","0.83%"
"Jan 18, 2017","3.020","2.938","3.015","2.932","3.11%"
"Jan 17, 2017","2.929","2.973","2.973","2.908","-1.52%"
"Jan 16, 2017","2.974","2.990","2.990","2.973","-0.53%"
"Jan 13, 2017","2.990","2.960","3.020","2.937","0.95%"
"Jan 12, 2017","2.962","2.946","2.964","2.902","0.34%"
"Jan 11, 2017","2.952","2.973","2.984","2.926","-0.54%"
"Jan 10, 2017","2.968","2.964","2.988","2.955","0.17%"
"Jan 09, 2017","2.963","3.023","3.023","2.954","-1.50%"
"Jan 08, 2017","3.008","3.008","3.008","3.008","0.00%"
"Jan 06, 2017","3.008","2.946","3.010","2.936","2.17%"
"Jan 05, 2017","2.944","3.038","3.054","2.939","-3.19%"
"Jan 04, 2017","3.041","3.051","3.072","3.028","-0.33%"
"Jan 03, 2017","3.051","3.054","3.131","3.035","-0.38%"
"Jan 02, 2017","3.063","3.063","3.063","3.063","0.00%"