Date,Open,High,Low,Settle,Change,Wave,Volume,Prev. Day Open Interest,EFP Volume,EFS Volume,Block Volume
2020-12-17,90.165,90.18,89.64,89.741,-0.618,89.774,29477.0,34853.0,,,
2020-12-16,90.435,90.635,90.045,90.359,-0.05,90.276,28284.0,35509.0,,,
2020-12-15,90.595,90.78,90.345,90.409,-0.246,90.537,22407.0,34769.0,,,
2020-12-14,90.73,90.845,90.345,90.655,-0.269,90.555,23425.0,34159.0,,,
2020-12-11,90.75,91.05,90.63,90.97,0.15,90.929,11372.0,17559.0,,,250.0
2020-12-10,91.065,91.155,90.655,90.82,-0.263,90.911,20892.0,22724.0,,,
2020-12-09,90.905,91.205,90.69,91.083,0.115,90.909,26091.0,28587.0,,,
2020-12-08,90.915,91.02,90.745,90.968,0.179,90.879,23119.0,29450.0,,,
2020-12-07,90.795,91.24,90.61,90.789,0.095,90.853,35138.0,30976.0,,,
2020-12-04,90.65,90.87,90.47,90.694,-0.024,90.639,32945.0,35062.0,,,
2020-12-03,91.07,91.095,90.505,90.718,-0.397,90.78,22118.0,35676.0,,,
2020-12-02,91.19,91.495,90.98,91.115,-0.182,91.25,25497.0,35429.0,,,
2020-12-01,91.9,91.915,91.14,91.297,-0.561,91.519,29578.0,33928.0,,,
2020-11-30,91.73,92.04,91.49,91.858,0.057,91.722,31584.0,32504.0,,,
2020-11-27,92.0,92.035,91.74,91.801,-0.165,91.87,9923.0,31520.0,,,
2020-11-26,91.95,92.165,91.83,91.966,0.0,92.011,8177.0,31539.0,,,
2020-11-25,92.13,92.255,91.905,91.966,-0.254,92.06,22732.0,30655.0,,,
2020-11-24,92.51,92.555,92.105,92.22,-0.274,92.32,23193.0,29595.0,,,
2020-11-23,92.345,92.795,92.0,92.494,0.099,92.334,35608.0,28896.0,,,
2020-11-20,92.33,92.425,92.185,92.395,0.111,92.325,16260.0,29207.0,,,
2020-11-19,92.505,92.72,92.225,92.284,-0.027,92.499,20049.0,29625.0,,,
2020-11-18,92.44,92.51,92.195,92.311,-0.087,92.321,14660.0,28471.0,,,
2020-11-17,92.485,92.605,92.25,92.398,-0.232,92.398,17590.0,28468.0,,,
2020-11-16,92.715,92.85,92.435,92.63,-0.12,92.661,29487.0,28269.0,,,
2020-11-13,92.96,93.005,92.7,92.75,-0.206,92.84,14297.0,28116.0,,,
2020-11-12,92.97,93.125,92.755,92.956,-0.068,92.944,23307.0,28224.0,,,
2020-11-11,92.73,93.19,92.595,93.024,0.288,92.951,23547.0,28272.0,,,
2020-11-10,92.81,92.965,92.585,92.736,0.021,92.749,22874.0,28938.0,,,
2020-11-09,92.23,92.97,92.12,92.715,0.49,92.485,45985.0,30370.0,,,
2020-11-06,92.74,92.825,92.165,92.225,-0.291,92.399,32881.0,28831.0,,,
2020-11-05,93.4,93.54,92.47,92.516,-0.895,92.819,35450.0,25628.0,,,
2020-11-04,93.66,94.33,93.245,93.411,-0.149,93.69,36544.0,25944.0,,,
2020-11-03,94.035,94.06,93.295,93.56,-0.585,93.6,18238.0,25830.0,,,
2020-11-02,94.095,94.315,93.99,94.145,0.103,94.137,14746.0,26203.0,,,
2020-10-30,93.925,94.105,93.66,94.042,0.065,93.922,18477.0,26695.0,,,
2020-10-29,93.47,94.14,93.355,93.977,0.568,93.817,26344.0,26768.0,,,
2020-10-28,93.11,93.66,93.04,93.409,0.482,93.376,25860.0,28923.0,,,
2020-10-27,93.06,93.13,92.775,92.927,-0.117,92.932,13970.0,28347.0,,,
2020-10-26,92.75,93.11,92.73,93.044,0.279,92.995,14722.0,28914.0,,,
2020-10-23,92.97,93.13,92.645,92.765,-0.199,92.858,17694.0,29729.0,,,
2020-10-22,92.725,92.99,92.61,92.964,0.365,92.838,12272.0,30197.0,,,
2020-10-21,93.035,93.06,92.46,92.599,-0.452,92.714,24271.0,28674.0,,,
2020-10-20,93.415,93.505,92.975,93.051,-0.378,93.142,22350.0,25942.0,,,
2020-10-19,93.72,93.775,93.195,93.429,-0.25,93.41,21623.0,26172.0,,,
2020-10-16,93.815,93.885,93.52,93.679,-0.185,93.692,19361.0,25813.0,,,
2020-10-15,93.435,93.925,93.365,93.864,0.498,93.726,17903.0,26961.0,,,
2020-10-14,93.54,93.68,93.24,93.366,-0.17,93.424,24149.0,28581.0,,,
2020-10-13,93.075,93.605,93.045,93.536,0.432,93.391,28342.0,29490.0,,,
2020-10-12,93.11,93.27,93.025,93.104,0.039,93.126,17459.0,28270.0,,,
2020-10-09,93.575,93.62,93.0,93.065,-0.583,93.252,19919.0,28120.0,,,
2020-10-08,93.67,93.82,93.525,93.648,-0.03,93.68,14787.0,29294.0,,,
2020-10-07,93.89,93.975,93.605,93.678,-0.066,93.747,20276.0,30820.0,,,
2020-10-06,93.455,93.915,93.375,93.744,0.199,93.597,26656.0,30229.0,,,
2020-10-05,93.915,93.955,93.415,93.545,-0.364,93.619,17459.0,31835.0,,,
2020-10-02,93.8,94.09,93.735,93.909,0.147,93.899,21820.0,30521.0,,,
2020-10-01,93.865,93.98,93.565,93.762,-0.165,93.795,24773.0,28305.0,,,
2020-09-30,93.9,94.25,93.7,93.927,0.0,93.964,20007.0,28013.0,,,
2020-09-29,94.205,94.35,93.86,93.927,-0.375,94.078,17392.0,28258.0,,,
2020-09-28,94.63,94.67,94.175,94.302,-0.38,94.356,20236.0,28802.0,,,
2020-09-25,94.345,94.795,94.225,94.682,0.288,94.56,18880.0,27934.0,,,
2020-09-24,94.44,94.655,94.225,94.394,-0.049,94.449,23950.0,29252.0,,,
2020-09-23,94.03,94.495,93.965,94.443,0.425,94.25,30722.0,28249.0,,,
2020-09-22,93.585,94.12,93.5,94.018,0.334,93.817,23402.0,28522.0,,,
2020-09-21,93.005,93.815,92.755,93.684,0.732,93.393,32237.0,28095.0,,,
2020-09-18,92.895,93.045,92.77,92.952,-0.017,92.9,15652.0,27514.0,,,
2020-09-17,93.19,93.63,92.875,92.969,-0.262,93.245,31138.0,26785.0,,,
2020-09-16,93.13,93.3,92.8,93.231,0.146,93.062,35510.0,28076.0,,,
2020-09-15,93.07,93.185,92.79,93.085,0.025,93.02,18636.0,27292.0,,,
2020-09-14,93.335,93.34,92.865,93.06,-0.278,93.053,24009.0,25723.0,,,
2020-09-11,93.345,93.375,93.11,93.32,-0.011,93.279,10957.0,7485.0,,,442.0
2020-09-10,93.27,93.45,92.7,93.331,0.073,93.033,21152.0,11668.0,,,
2020-09-09,93.535,93.665,93.125,93.258,-0.183,93.365,24803.0,17362.0,,,
2020-09-08,93.05,93.52,93.0,93.441,0.722,93.291,30042.0,23100.0,,,
2020-09-07,92.8,93.09,92.8,92.719,0.0,92.963,7779.0,23920.0,,,
2020-09-04,92.825,93.245,92.665,92.719,-0.014,92.964,25875.0,24715.0,,,
2020-09-03,92.705,93.085,92.685,92.733,-0.101,92.882,20735.0,26489.0,,,
2020-09-02,92.265,92.875,92.235,92.834,0.497,92.66,24027.0,27811.0,,,
2020-09-01,92.17,92.4,91.725,92.337,0.206,92.028,33197.0,28945.0,,,
2020-08-31,92.3,92.49,91.99,92.131,-0.248,92.224,29089.0,28697.0,,,
2020-08-28,93.03,93.1,92.18,92.379,-0.612,92.463,35365.0,27608.0,,,
2020-08-27,92.835,93.35,92.385,92.991,-0.005,92.949,46978.0,28428.0,,,
2020-08-26,93.02,93.375,92.835,92.996,-0.023,93.052,18757.0,28845.0,,,
2020-08-25,93.27,93.35,92.96,93.019,-0.27,93.131,16287.0,27457.0,,,
2020-08-24,93.215,93.34,92.83,93.289,0.049,93.119,16197.0,26176.0,,,
2020-08-21,92.69,93.48,92.565,93.24,0.462,93.163,25532.0,30419.0,,,
2020-08-20,92.975,93.245,92.71,92.778,-0.102,92.967,19706.0,30760.0,,,
2020-08-19,92.21,93.065,92.145,92.88,0.621,92.583,21584.0,33333.0,,,
2020-08-18,92.82,92.82,92.11,92.259,-0.588,92.392,21709.0,32874.0,,,
2020-08-17,93.035,93.115,92.75,92.847,-0.238,92.908,12464.0,33096.0,,,
2020-08-14,93.245,93.41,92.995,93.085,-0.232,93.162,15380.0,32806.0,,,
2020-08-13,93.365,93.39,92.905,93.317,-0.091,93.153,19290.0,33565.0,,,
2020-08-12,93.655,93.895,93.21,93.408,-0.192,93.528,20587.0,33019.0,,,
2020-08-11,93.595,93.735,93.14,93.6,0.031,93.453,23497.0,33507.0,,,
2020-08-10,93.415,93.685,93.275,93.569,0.157,93.468,15751.0,33848.0,,,
2020-08-07,92.785,93.625,92.74,93.412,0.644,93.26,25839.0,34961.0,,,
2020-08-06,92.78,93.085,92.475,92.768,-0.082,92.83,24332.0,35383.0,,,
2020-08-05,93.145,93.235,92.535,92.85,-0.528,92.833,20130.0,34295.0,,,
2020-08-04,93.505,93.815,93.215,93.378,-0.129,93.511,18004.0,34926.0,,,
2020-08-03,93.39,93.98,93.295,93.507,0.186,93.67,24987.0,36183.0,,,
2020-07-31,92.775,93.525,92.51,93.321,0.312,92.999,28572.0,36290.0,,,
2020-07-30,93.305,93.64,92.89,93.009,-0.423,93.326,26945.0,37606.0,,,
2020-07-29,93.71,93.77,93.12,93.432,-0.215,93.428,24754.0,36268.0,,,
2020-07-28,93.49,93.965,93.45,93.647,0.032,93.707,23582.0,35565.0,,,
2020-07-27,94.345,94.375,93.42,93.615,-0.765,93.781,23555.0,33616.0,,,
2020-07-24,94.75,94.78,94.1,94.38,-0.269,94.531,18247.0,31207.0,,,
2020-07-23,94.955,95.15,94.54,94.649,-0.281,94.809,17883.0,31360.0,,,
2020-07-22,95.09,95.375,94.775,94.93,-0.13,95.009,17679.0,30490.0,,,
2020-07-21,95.7,95.87,94.98,95.06,-0.712,95.419,24675.0,25753.0,,,
2020-07-20,96.0,96.145,95.675,95.772,-0.117,95.869,18204.0,24581.0,,,
2020-07-17,96.26,96.295,95.845,95.889,-0.43,96.039,11602.0,22728.0,,,
2020-07-16,95.975,96.38,95.845,96.319,0.28,96.092,18268.0,23978.0,,,
2020-07-15,96.12,96.215,95.72,96.039,-0.168,95.954,14528.0,22715.0,,,
2020-07-14,96.52,96.67,96.125,96.207,-0.2,96.356,12966.0,22279.0,,,
2020-07-13,96.585,96.64,96.205,96.407,-0.207,96.402,18709.0,22181.0,,,
2020-07-10,96.745,96.96,96.395,96.614,-0.059,96.652,16727.0,23277.0,,,
2020-07-09,96.415,96.78,96.18,96.673,0.305,96.487,21922.0,24459.0,,,
2020-07-08,96.91,97.005,96.345,96.368,-0.471,96.594,18909.0,22167.0,,,
2020-07-07,96.7,97.105,96.555,96.839,0.157,96.835,16285.0,22069.0,,,
2020-07-06,97.19,97.19,96.5,96.682,-0.619,96.714,20094.0,17921.0,,,
2020-07-03,97.21,97.35,97.145,97.301,0.0,97.237,5240.0,17943.0,,,
2020-07-02,97.14,97.335,96.79,97.301,0.146,97.076,17418.0,19135.0,,,
2020-07-01,97.375,97.615,96.985,97.155,-0.194,97.263,16047.0,18840.0,,,
2020-06-30,97.39,97.81,97.185,97.349,-0.152,97.514,18344.0,18728.0,,,
2020-06-29,97.475,97.61,97.085,97.501,0.097,97.347,13588.0,18758.0,,,
2020-06-26,97.335,97.665,97.235,97.404,0.016,97.422,10764.0,19004.0,,,
2020-06-25,97.21,97.585,97.135,97.388,0.259,97.352,16119.0,19258.0,,,
2020-06-24,96.605,97.205,96.5,97.129,0.521,96.894,18299.0,21020.0,,,
2020-06-23,96.84,97.215,96.32,96.608,-0.377,96.741,21212.0,20614.0,,,
2020-06-22,97.63,97.7,96.94,96.985,-0.592,97.213,15164.0,19243.0,,,
2020-06-19,97.4,97.7,97.115,97.577,0.177,97.438,18095.0,18422.0,,,
2020-06-18,97.08,97.555,96.93,97.4,0.256,97.231,13312.0,17990.0,,,
2020-06-17,96.95,97.35,96.765,97.144,0.211,97.095,15424.0,19292.0,,,
2020-06-16,96.49,97.24,96.385,96.933,0.283,96.819,21707.0,19753.0,,,
2020-06-15,97.25,97.38,96.55,96.65,-0.68,96.984,18517.0,18557.0,,,
2020-06-12,96.835,97.455,96.505,97.305,0.566,97.007,7389.0,15524.0,,,
2020-06-11,96.145,96.82,95.945,96.739,0.789,96.343,16968.0,21350.0,,,
2020-06-10,96.445,96.465,95.705,95.95,-0.371,96.073,29442.0,25863.0,,,
2020-06-09,96.635,97.065,96.215,96.321,-0.287,96.566,19691.0,24508.0,,,
2020-06-08,96.935,97.065,96.58,96.608,-0.314,96.788,19422.0,27917.0,,,
2020-06-05,96.765,97.05,96.43,96.922,0.265,96.806,23985.0,27044.0,,,
2020-06-04,97.32,97.635,96.56,96.657,-0.602,97.129,30706.0,26075.0,,,
2020-06-03,97.57,97.615,97.155,97.259,-0.4,97.363,25238.0,24269.0,,,
2020-06-02,97.86,97.9,97.42,97.659,-0.161,97.641,15324.0,23800.0,,,
2020-06-01,98.265,98.335,97.77,97.82,-0.521,97.992,15022.0,23484.0,,,
2020-05-29,98.47,98.55,97.935,98.341,-0.031,98.256,21708.0,24630.0,,,
2020-05-28,98.93,99.095,98.335,98.372,-0.686,98.639,25980.0,25942.0,,,
2020-05-27,99.01,99.36,98.715,99.058,0.152,99.069,20947.0,27051.0,,,
2020-05-26,99.76,99.785,98.895,98.906,-0.982,99.156,18167.0,29448.0,,,
2020-05-25,99.79,99.995,99.7,99.888,0.0,99.826,4065.0,29622.0,,,
2020-05-22,99.445,99.9,99.4,99.888,0.485,99.779,13882.0,29663.0,,,
2020-05-21,99.18,99.54,99.03,99.403,0.268,99.332,11523.0,29868.0,,,
2020-05-20,99.56,99.57,99.005,99.135,-0.231,99.235,13167.0,30274.0,,,
2020-05-19,99.635,99.755,99.245,99.366,-0.315,99.47,18179.0,31285.0,,,
2020-05-18,100.435,100.515,99.595,99.681,-0.753,99.99,17630.0,31406.0,,,
2020-05-15,100.305,100.515,100.095,100.434,-0.073,100.323,12714.0,31680.0,,,
2020-05-14,100.245,100.605,100.2,100.507,0.216,100.404,13873.0,31055.0,,,
2020-05-13,100.055,100.325,99.585,100.291,0.335,99.984,14300.0,30046.0,,,
2020-05-12,100.27,100.51,99.685,99.956,-0.314,100.008,12075.0,31336.0,,,
2020-05-11,99.86,100.35,99.69,100.27,0.501,100.116,14197.0,29858.0,,,
2020-05-08,99.84,99.97,99.46,99.769,-0.137,99.743,11060.0,29991.0,,,
2020-05-07,100.265,100.455,99.825,99.906,-0.23,100.147,13984.0,30748.0,,,
2020-05-06,99.84,100.265,99.8,100.136,0.374,100.078,8857.0,30638.0,,,
2020-05-05,99.58,100.07,99.375,99.762,0.195,99.762,12347.0,31042.0,,,
2020-05-04,99.1,99.655,99.09,99.567,0.467,99.495,14588.0,28505.0,,,
2020-05-01,99.13,99.225,98.765,99.1,0.072,98.997,12234.0,28950.0,,,
2020-04-30,99.55,99.8,98.83,99.028,-0.616,99.271,26659.0,31676.0,,,
2020-04-29,99.935,99.955,99.515,99.644,-0.29,99.725,10391.0,31725.0,,,
2020-04-28,100.155,100.295,99.485,99.934,-0.163,99.847,13656.0,31603.0,,,
2020-04-27,100.27,100.37,99.84,100.097,-0.337,100.052,11464.0,31483.0,,,
2020-04-24,100.615,100.975,100.25,100.434,-0.101,100.562,11909.0,31162.0,,,
2020-04-23,100.595,100.85,100.12,100.535,0.007,100.452,22225.0,31218.0,,,
2020-04-22,100.33,100.625,99.99,100.528,0.154,100.328,11260.0,30518.0,,,
2020-04-21,100.055,100.63,100.03,100.374,0.316,100.346,16307.0,29406.0,,,
2020-04-20,99.77,100.185,99.75,100.058,0.222,99.977,13170.0,28790.0,,,
2020-04-17,99.97,100.355,99.66,99.836,-0.264,99.893,12797.0,28878.0,,,
2020-04-16,99.67,100.39,99.64,100.1,0.614,99.998,13514.0,28993.0,,,
2020-04-15,98.82,100.06,98.82,99.486,0.601,99.58,15571.0,28813.0,,,
2020-04-14,99.38,99.435,98.815,98.885,-0.451,99.061,11125.0,29001.0,,,
2020-04-13,99.495,99.64,99.11,99.336,,99.445,9026.0,28705.0,,,
2020-04-09,100.2,100.345,99.31,99.504,-0.666,99.715,16145.0,28246.0,,,
2020-04-08,99.98,100.51,99.95,100.17,0.256,100.171,11099.0,27929.0,,,
2020-04-07,100.83,100.83,99.715,99.914,-0.841,100.064,15561.0,28409.0,,,
2020-04-06,100.865,101.03,100.535,100.755,0.078,100.784,11184.0,27958.0,,,
2020-04-03,100.305,100.965,100.24,100.677,0.406,100.729,10324.0,28402.0,,,
2020-04-02,99.625,100.5,99.445,100.271,0.518,100.043,12720.0,28466.0,,,
2020-04-01,99.025,99.915,98.955,99.753,0.661,99.59,12125.0,28220.0,,,
2020-03-31,99.285,100.125,98.875,99.092,-0.189,99.474,18579.0,29042.0,,,
2020-03-30,98.43,99.445,98.395,99.281,0.744,99.042,11212.0,28795.0,,,
2020-03-27,99.43,100.02,98.345,98.537,-0.916,99.306,15805.0,28263.0,,,
2020-03-26,100.97,101.08,99.365,99.453,-1.544,100.076,15001.0,27811.0,,,
2020-03-25,101.865,102.11,100.835,100.997,-1.25,101.463,13894.0,27563.0,,,
2020-03-24,102.83,102.915,101.555,102.247,-0.993,102.049,20689.0,27498.0,,,
2020-03-23,103.15,103.96,102.3,103.24,-0.262,103.114,21526.0,27832.0,,,
2020-03-20,103.78,103.825,101.905,103.502,-0.103,102.836,23159.0,28449.0,,,
2020-03-19,101.13,103.7,101.045,103.605,2.062,102.462,34697.0,25365.0,,,
2020-03-18,99.695,102.04,99.385,101.543,1.739,100.732,26162.0,24582.0,,,
2020-03-17,98.225,100.075,98.105,99.804,1.652,99.368,26897.0,22973.0,,,
2020-03-16,98.45,98.685,97.58,98.152,-0.752,98.137,27312.0,23037.0,,,
2020-03-13,97.495,98.845,97.335,98.764,1.3,98.274,17197.0,26088.0,,,
2020-03-12,96.62,98.335,96.055,97.464,0.972,97.176,44986.0,30405.0,,,
2020-03-11,96.285,96.61,95.9,96.492,0.103,96.22,37225.0,34685.0,,,
2020-03-10,95.375,96.58,95.18,96.389,1.519,95.844,64639.0,35587.0,,,
2020-03-09,95.72,95.78,94.61,94.87,-1.064,95.072,102134.0,37901.0,,,
2020-03-06,96.645,96.655,95.685,95.934,-0.856,96.032,42506.0,37805.0,,,
2020-03-05,97.345,97.41,96.49,96.79,-0.517,96.951,24401.0,36725.0,,,
2020-03-04,97.145,97.565,97.07,97.307,0.185,97.342,22197.0,37471.0,,,
2020-03-03,97.52,97.655,96.875,97.122,-0.197,97.233,51417.0,37670.0,,,
2020-03-02,97.985,98.045,97.135,97.319,-0.762,97.507,45678.0,42899.0,,,
2020-02-28,98.39,98.615,97.91,98.081,-0.38,98.31,41689.0,44415.0,,,
2020-02-27,98.965,98.995,98.295,98.461,-0.477,98.561,28474.0,45537.0,,,
2020-02-26,98.99,99.2,98.85,98.938,0.037,99.043,18097.0,46319.0,,,
2020-02-25,99.26,99.32,98.81,98.901,-0.383,99.048,22335.0,46331.0,,,
2020-02-24,99.38,99.57,99.03,99.284,0.096,99.318,23266.0,47495.0,,,
2020-02-21,99.765,99.79,99.14,99.188,-0.588,99.413,23262.0,47676.0,,,
2020-02-20,99.47,99.815,99.445,99.776,0.179,99.686,18070.0,47744.0,,,
2020-02-19,99.315,99.62,99.275,99.597,0.264,99.466,13998.0,47109.0,,,
2020-02-18,99.1,99.375,99.03,99.333,0.33,99.188,13756.0,47529.0,,,
2020-02-17,99.03,99.095,98.935,99.003,0.0,99.02,3910.0,47495.0,,,
2020-02-14,98.995,99.045,98.875,99.003,0.045,98.981,16176.0,49373.0,,,
2020-02-13,98.895,99.01,98.745,98.958,0.036,98.891,12787.0,48652.0,,,
2020-02-12,98.665,98.925,98.58,98.922,0.328,98.728,14974.0,48399.0,,,
2020-02-11,98.75,98.855,98.585,98.594,-0.12,98.683,14347.0,46905.0,,,
2020-02-10,98.57,98.77,98.49,98.714,0.143,98.603,11198.0,45756.0,,,
2020-02-07,98.335,98.6,98.3,98.571,0.19,98.453,13512.0,44934.0,,,
2020-02-06,98.18,98.445,98.075,98.381,0.223,98.279,14236.0,41595.0,,,
2020-02-05,97.8,98.18,97.76,98.158,0.349,98.037,18141.0,35782.0,,,
2020-02-04,97.645,97.855,97.635,97.809,0.184,97.768,11601.0,34457.0,,,
2020-02-03,97.245,97.755,97.23,97.625,0.412,97.569,18794.0,34631.0,,,
2020-01-31,97.685,97.79,97.165,97.213,-0.493,97.387,19448.0,35673.0,,,
2020-01-30,97.86,97.91,97.62,97.706,-0.113,97.729,15514.0,35883.0,,,
2020-01-29,97.78,98.005,97.76,97.819,-0.016,97.898,10092.0,34935.0,,,
2020-01-28,97.745,97.975,97.715,97.835,0.068,97.855,10150.0,34180.0,,,
2020-01-27,97.64,97.8,97.59,97.767,0.117,97.715,17918.0,33660.0,,,
2020-01-24,97.49,97.74,97.45,97.65,0.166,97.622,16245.0,34701.0,,,
2020-01-23,97.305,97.59,97.185,97.484,0.189,97.424,18074.0,34098.0,,,
2020-01-22,97.38,97.46,97.15,97.295,0.001,97.349,12487.0,34803.0,,,
2020-01-21,97.385,97.42,97.15,97.294,-0.065,97.29,11007.0,35070.0,,,
2020-01-20,97.4,97.485,97.335,97.359,0.0,97.419,4742.0,35054.0,,,
2020-01-17,97.07,97.41,97.01,97.359,0.297,97.268,12417.0,34876.0,,,
2020-01-16,96.935,97.115,96.815,97.062,0.102,96.995,11834.0,35531.0,,,
2020-01-15,97.095,97.18,96.885,96.96,-0.134,97.001,10975.0,35142.0,,,
2020-01-14,97.09,97.305,97.045,97.094,0.034,97.155,8810.0,35408.0,,,
2020-01-13,97.1,97.245,97.02,97.06,-0.018,97.117,8531.0,34982.0,,,
2020-01-10,97.145,97.3,97.005,97.078,-0.084,97.145,10771.0,34420.0,,,
2020-01-09,96.985,97.275,96.955,97.162,0.166,97.132,11371.0,34701.0,,,
2020-01-08,96.56,97.04,96.525,96.996,0.294,96.807,13725.0,34237.0,,,
2020-01-07,96.37,96.795,96.31,96.702,0.352,96.602,11605.0,35337.0,,,
2020-01-06,96.565,96.585,96.23,96.35,-0.171,96.382,10956.0,34831.0,,,
2020-01-03,96.44,96.795,96.395,96.521,-0.004,96.567,12636.0,35286.0,,,
2020-01-02,96.14,96.56,96.1,96.525,,96.371,17442.0,35060.0,,,
2019-12-31,96.415,96.415,96.02,96.058,-0.349,96.143,11498.0,34847.0,,,
2019-12-30,96.595,96.63,96.255,96.407,-0.139,96.42,12042.0,33918.0,,,
2019-12-27,97.145,97.16,96.535,96.546,-0.569,96.734,14109.0,32476.0,,,
2019-12-26,97.255,97.295,97.075,97.115,,97.18,4488.0,32178.0,,,
2019-12-24,97.26,97.39,97.2,97.251,0.016,97.304,4040.0,32504.0,,,
2019-12-23,97.295,97.405,97.17,97.235,-0.039,97.275,6525.0,32133.0,,,
2019-12-20,96.995,97.35,96.975,97.274,0.319,97.174,11728.0,32313.0,,,
2019-12-19,96.975,97.065,96.805,96.955,-0.008,96.947,10317.0,32293.0,,,
2019-12-18,96.79,97.045,96.78,96.963,0.186,96.922,9891.0,32257.0,,,
2019-12-17,96.705,96.865,96.585,96.777,0.197,96.725,13271.0,31847.0,,,
2019-12-16,96.715,96.73,96.495,96.58,-0.165,96.605,12419.0,31215.0,,,
2019-12-13,96.835,97.23,96.715,97.171,-0.213,96.955,9003.0,19123.0,,,
2019-12-12,97.07,97.52,97.03,97.384,0.328,97.267,22812.0,31877.0,,,
2019-12-11,97.485,97.575,97.015,97.056,-0.329,97.322,24334.0,34972.0,,,
2019-12-10,97.62,97.63,97.37,97.385,-0.224,97.503,13490.0,35343.0,,,
2019-12-09,97.665,97.7,97.525,97.609,-0.052,97.599,21769.0,40599.0,,,
2019-12-06,97.38,97.815,97.2,97.661,0.29,97.613,26388.0,44167.0,,,
2019-12-05,97.535,97.555,97.31,97.371,-0.231,97.428,10055.0,44473.0,,,
2019-12-04,97.67,97.74,97.355,97.602,-0.079,97.58,17807.0,41717.0,,,
2019-12-03,97.87,97.88,97.585,97.681,-0.11,97.724,12745.0,41891.0,,,
2019-12-02,98.21,98.32,97.75,97.791,-0.411,97.959,23023.0,41424.0,,,
2019-11-29,98.265,98.495,98.155,98.202,-0.086,98.275,11821.0,42295.0,,,
2019-11-28,98.265,98.34,98.2,98.288,0.0,98.275,3663.0,41964.0,,,
2019-11-27,98.225,98.37,98.205,98.288,0.118,98.304,10948.0,39759.0,,,
2019-11-26,98.25,98.31,98.145,98.17,-0.068,98.225,7744.0,40124.0,,,
2019-11-25,98.19,98.295,98.08,98.238,0.062,98.201,8188.0,40228.0,,,
2019-11-22,97.86,98.215,97.7,98.176,0.277,97.975,11324.0,40316.0,,,
2019-11-21,97.775,97.945,97.62,97.899,0.085,97.803,15469.0,41763.0,,,
2019-11-20,97.73,97.93,97.73,97.814,0.072,97.83,10121.0,42918.0,,,
2019-11-19,97.715,97.77,97.635,97.742,0.079,97.7,7188.0,43821.0,,,
2019-11-18,97.87,97.87,97.55,97.663,-0.208,97.707,12901.0,43474.0,,,
2019-11-15,98.01,98.11,97.83,97.871,-0.148,97.951,7257.0,44054.0,,,
2019-11-14,98.21,98.29,97.97,98.019,-0.211,98.141,9437.0,44205.0,,,
2019-11-13,98.185,98.3,98.14,98.23,0.079,98.214,10001.0,43861.0,,,
2019-11-12,98.075,98.27,98.055,98.151,0.118,98.156,8449.0,43598.0,,,
2019-11-11,98.23,98.235,97.97,98.033,-0.168,98.08,8460.0,43489.0,,,
2019-11-08,97.995,98.245,97.945,98.201,0.212,98.125,10511.0,43603.0,,,
2019-11-07,97.78,98.075,97.66,97.989,0.225,97.903,16094.0,44576.0,,,
2019-11-06,97.76,97.805,97.6,97.764,-0.041,97.717,13051.0,44525.0,,,
2019-11-05,97.355,97.825,97.275,97.805,0.439,97.657,20723.0,47712.0,,,
2019-11-04,97.03,97.38,96.975,97.366,0.325,97.178,11560.0,48683.0,,,
2019-11-01,97.11,97.265,96.96,97.041,-0.113,97.074,14890.0,48890.0,,,
2019-10-31,97.255,97.255,97.015,97.154,-0.285,97.132,17251.0,47676.0,,,
2019-10-30,97.46,97.8,97.23,97.439,-0.03,97.474,16507.0,47251.0,,,
2019-10-29,97.525,97.7,97.38,97.469,-0.055,97.525,10426.0,47975.0,,,
2019-10-28,97.6,97.665,97.445,97.524,-0.075,97.542,7772.0,47384.0,,,
2019-10-25,97.445,97.68,97.34,97.599,0.194,97.542,9805.0,47452.0,,,
2019-10-24,97.215,97.555,97.055,97.405,0.169,97.33,18182.0,50458.0,,,
2019-10-23,97.23,97.39,97.15,97.236,-0.02,97.291,10405.0,51620.0,,,
2019-10-22,97.04,97.315,96.99,97.256,0.206,97.151,17852.0,52442.0,,,
2019-10-21,97.06,97.13,96.885,97.05,0.042,97.011,14796.0,53439.0,,,
2019-10-18,97.355,97.395,96.91,97.008,-0.327,97.155,19047.0,51730.0,,,
2019-10-17,97.74,97.845,97.22,97.335,-0.388,97.458,25715.0,53472.0,,,
2019-10-16,98.02,98.145,97.61,97.723,-0.28,97.873,32818.0,52866.0,,,
2019-10-15,98.19,98.375,97.915,98.003,-0.167,98.109,28438.0,53338.0,,,
2019-10-14,98.04,98.265,98.04,98.17,0.165,98.179,11242.0,53745.0,,,
2019-10-11,98.4,98.45,97.885,98.005,-0.401,98.075,31389.0,55956.0,,,
2019-10-10,98.755,98.795,98.325,98.406,-0.409,98.494,18498.0,56668.0,,,
2019-10-09,98.78,98.865,98.595,98.815,-0.007,98.756,11274.0,56969.0,,,
2019-10-08,98.665,98.955,98.54,98.822,0.157,98.77,13917.0,56071.0,,,
2019-10-07,98.52,98.705,98.425,98.665,0.177,98.565,9103.0,55902.0,,,
2019-10-04,98.56,98.69,98.34,98.488,-0.052,98.551,10907.0,55722.0,,,
2019-10-03,98.69,98.875,98.3,98.54,-0.149,98.537,17375.0,56946.0,,,
2019-10-02,98.795,99.08,98.62,98.689,-0.088,98.819,13663.0,58111.0,,,
2019-10-01,99.035,99.305,98.705,98.777,-0.244,98.984,23620.0,59650.0,,,
2019-09-30,98.77,99.115,98.71,99.021,0.26,98.949,13808.0,59664.0,,,
2019-09-27,98.805,98.955,98.63,98.761,-0.004,98.798,10394.0,59678.0,,,
2019-09-26,98.595,98.915,98.45,98.765,0.106,98.665,13498.0,59792.0,,,
2019-09-25,97.99,98.69,97.965,98.659,0.732,98.418,17348.0,56345.0,,,
2019-09-24,98.275,98.32,97.88,97.927,-0.294,98.098,14590.0,56679.0,,,
2019-09-23,98.145,98.455,98.07,98.221,0.085,98.277,13354.0,56483.0,,,
2019-09-20,97.935,98.25,97.735,98.136,0.289,98.055,13513.0,55331.0,,,
2019-09-19,98.15,98.21,97.775,97.847,-0.287,97.926,12895.0,55658.0,,,
2019-09-18,97.75,98.27,97.75,98.134,0.315,98.016,14068.0,55006.0,,,
2019-09-17,98.22,98.29,97.735,97.819,-0.356,98.024,12692.0,56059.0,,,
2019-09-16,97.725,98.275,97.615,98.175,0.345,98.007,13702.0,55604.0,,,
2019-09-13,98.42,98.435,98.0,98.255,-0.053,98.176,8245.0,16474.0,100.0,,
2019-09-12,98.62,99.105,98.19,98.308,-0.32,98.618,26088.0,25881.0,,,
2019-09-11,98.305,98.73,98.28,98.628,0.321,98.575,28558.0,34404.0,,,
2019-09-10,98.3,98.44,98.135,98.307,0.059,98.347,14065.0,35652.0,,,
2019-09-09,98.39,98.475,98.105,98.248,-0.114,98.269,30446.0,48082.0,,,
2019-09-06,98.4,98.48,98.14,98.362,-0.02,98.327,22160.0,54651.0,,,
2019-09-05,98.35,98.515,98.035,98.382,-0.011,98.285,16281.0,56189.0,,,
2019-09-04,98.89,98.915,98.34,98.393,-0.556,98.571,18923.0,58989.0,,,
2019-09-03,99.01,99.33,98.865,98.949,0.089,99.111,21301.0,59582.0,,,
2019-09-02,98.795,99.085,98.715,98.86,0.0,98.94,8328.0,58557.0,,,
2019-08-30,98.355,98.97,98.345,98.86,0.405,98.64,19951.0,56443.0,,,
2019-08-29,98.135,98.485,98.1,98.455,0.335,98.299,19953.0,53621.0,,,
2019-08-28,97.94,98.18,97.92,98.12,0.213,98.06,10397.0,53062.0,,,
2019-08-27,97.915,97.96,97.765,97.907,-0.082,97.87,9701.0,53033.0,,,
2019-08-26,97.46,97.995,97.37,97.989,0.459,97.747,18897.0,52935.0,,,
2019-08-23,98.095,98.455,97.455,97.53,-0.534,97.866,29650.0,54652.0,,,
2019-08-22,98.155,98.29,97.965,98.064,-0.115,98.132,13481.0,54452.0,,,
2019-08-21,98.075,98.225,98.0,98.179,0.116,98.084,8810.0,54073.0,,,
2019-08-20,98.24,98.335,97.99,98.063,-0.158,98.174,11519.0,54997.0,,,
2019-08-19,98.06,98.27,98.005,98.221,0.214,98.092,9286.0,53759.0,,,
2019-08-16,98.005,98.205,97.965,98.007,0.002,98.091,10735.0,53678.0,,,
2019-08-15,97.815,98.095,97.68,98.005,0.179,97.876,17083.0,53876.0,,,
2019-08-14,97.61,97.895,97.5,97.826,0.195,97.691,15211.0,53091.0,,,
2019-08-13,97.22,97.69,97.125,97.631,0.433,97.513,27580.0,49990.0,,,
2019-08-12,97.37,97.55,97.13,97.198,-0.124,97.293,13129.0,50007.0,,,
2019-08-09,97.405,97.465,97.175,97.322,-0.112,97.338,15800.0,53492.0,,,
2019-08-08,97.42,97.565,97.215,97.434,0.089,97.388,16647.0,53609.0,,,
2019-08-07,97.37,97.535,97.115,97.345,-0.072,97.323,15774.0,53795.0,,,
2019-08-06,97.08,97.565,96.98,97.417,0.109,97.348,20260.0,52614.0,,,
2019-08-05,97.9,97.93,97.19,97.308,-0.544,97.464,26779.0,55413.0,,,
2019-08-02,98.19,98.225,97.815,97.852,-0.292,98.003,18150.0,55627.0,,,
2019-08-01,98.365,98.7,98.04,98.144,-0.114,98.413,26678.0,55594.0,,,
2019-07-31,97.805,98.445,97.755,98.258,0.449,98.077,27893.0,54200.0,,,
2019-07-30,97.84,97.96,97.765,97.809,0.013,97.849,9353.0,53149.0,,,
2019-07-29,97.72,97.905,97.64,97.796,0.045,97.813,9307.0,52285.0,,,
2019-07-26,97.535,97.835,97.505,97.751,0.199,97.689,11842.0,50469.0,,,
2019-07-25,97.415,97.65,97.22,97.552,0.1,97.434,24766.0,48677.0,,,
2019-07-24,97.435,97.57,97.26,97.452,0.034,97.399,14318.0,46666.0,,,
2019-07-23,97.005,97.46,96.985,97.418,0.478,97.333,22827.0,39462.0,,,
2019-07-22,96.785,96.985,96.785,96.94,0.123,96.902,6901.0,39093.0,,,
2019-07-19,96.465,96.975,96.415,96.817,0.368,96.741,21816.0,42570.0,,,
2019-07-18,96.855,96.93,96.32,96.449,-0.404,96.629,22352.0,39640.0,,,
2019-07-17,97.03,97.1,96.8,96.853,-0.188,96.904,13963.0,41135.0,,,
2019-07-16,96.57,97.08,96.54,97.041,0.496,96.953,21864.0,41736.0,,,
2019-07-15,96.45,96.595,96.375,96.545,0.121,96.484,8592.0,42340.0,,,
2019-07-12,96.735,96.735,96.405,96.424,-0.242,96.55,10287.0,42438.0,,,
2019-07-11,96.675,96.775,96.415,96.666,-0.037,96.609,15617.0,40955.0,,,
2019-07-10,97.155,97.165,96.64,96.703,-0.392,96.823,17931.0,40689.0,,,
2019-07-09,96.98,97.195,96.97,97.095,0.111,97.1,9711.0,38670.0,,,
2019-07-08,96.84,97.02,96.765,96.984,0.094,96.901,10670.0,37683.0,,,
2019-07-05,96.315,97.04,96.315,96.89,0.559,96.824,24517.0,41430.0,,,
2019-07-04,96.29,96.39,96.235,96.331,0.0,96.332,3030.0,41731.0,,,
2019-07-03,96.27,96.435,96.12,96.331,0.057,96.286,9428.0,41711.0,,,
2019-07-02,96.37,96.455,96.15,96.274,-0.135,96.289,12480.0,41231.0,,,
2019-07-01,95.775,96.425,95.775,96.409,0.743,96.153,21294.0,44211.0,,,
2019-06-28,95.74,95.845,95.56,95.666,-0.076,95.691,14558.0,42168.0,,,
2019-06-27,95.705,95.92,95.67,95.742,0.014,95.776,10589.0,42086.0,,,
2019-06-26,95.68,95.85,95.565,95.728,0.08,95.732,13268.0,44119.0,,,
2019-06-25,95.5,95.875,95.365,95.648,0.161,95.566,24236.0,44141.0,,,
2019-06-24,95.67,95.715,95.465,95.487,-0.231,95.583,22606.0,46178.0,,,
2019-06-21,96.14,96.235,95.645,95.718,-0.42,95.96,30648.0,45092.0,,,
2019-06-20,96.695,96.705,96.045,96.138,-0.444,96.244,25955.0,46221.0,,,
2019-06-19,97.165,97.205,96.515,96.582,-0.571,96.797,29405.0,46066.0,,,
2019-06-18,97.02,97.265,96.885,97.153,0.101,97.134,23566.0,43134.0,,,
2019-06-17,97.055,97.095,96.82,97.052,-0.013,96.966,11289.0,42710.0,,,
2019-06-14,97.015,97.58,96.94,97.57,0.571,97.365,20790.0,17829.0,,,
2019-06-13,96.94,97.075,96.86,96.999,0.029,96.979,23617.0,25954.0,,,
2019-06-12,96.67,96.99,96.545,96.97,0.325,96.757,24482.0,32588.0,,,
2019-06-11,96.7,96.86,96.605,96.645,-0.066,96.724,19949.0,37570.0,,,
2019-06-10,96.58,96.895,96.575,96.711,0.221,96.761,24296.0,41137.0,,,
2019-06-07,96.965,97.13,96.405,96.49,-0.507,96.637,29823.0,40962.0,,,
2019-06-06,97.265,97.39,96.72,96.997,-0.254,97.0,27665.0,41716.0,,,
2019-06-05,97.055,97.305,96.655,97.251,0.252,96.958,25318.0,44235.0,,,
2019-06-04,97.135,97.275,96.9,96.999,-0.061,97.091,25602.0,46131.0,,,
2019-06-03,97.7,97.72,97.015,97.06,-0.606,97.357,29611.0,46950.0,,,
2019-05-31,98.085,98.085,97.63,97.666,-0.387,97.829,19068.0,49060.0,,,
2019-05-30,98.04,98.195,98.0,98.053,0.018,98.08,7341.0,48185.0,,,
2019-05-29,97.795,98.1,97.75,98.035,0.193,97.968,12410.0,47702.0,,,
2019-05-28,97.605,97.865,97.57,97.842,0.365,97.738,13138.0,46618.0,,,
2019-05-27,97.43,97.665,97.42,97.477,0.0,97.556,2938.0,46383.0,,,
2019-05-24,97.72,97.775,97.41,97.477,-0.246,97.585,9772.0,47220.0,,,
2019-05-23,97.95,98.26,97.665,97.723,-0.158,97.963,19345.0,49250.0,,,
2019-05-22,97.87,97.97,97.73,97.881,-0.015,97.872,7573.0,49738.0,,,
2019-05-21,97.79,97.975,97.635,97.896,0.132,97.845,14846.0,48554.0,,,
2019-05-20,97.845,97.875,97.72,97.764,-0.06,97.788,7309.0,47803.0,,,
2019-05-17,97.665,97.86,97.59,97.824,0.146,97.74,8629.0,48068.0,,,
2019-05-16,97.355,97.715,97.265,97.678,0.302,97.535,12121.0,45836.0,,,
2019-05-15,97.345,97.515,97.24,97.376,0.054,97.373,13642.0,46062.0,,,
2019-05-14,97.115,97.36,97.075,97.322,0.202,97.238,9001.0,45589.0,,,
2019-05-13,97.11,97.195,96.81,97.12,-0.005,96.994,17104.0,47930.0,,,
2019-05-10,97.245,97.245,96.905,97.125,-0.039,97.065,14285.0,49875.0,,,
2019-05-09,97.37,97.49,97.01,97.164,-0.224,97.212,17593.0,51512.0,,,
2019-05-08,97.345,97.44,97.18,97.388,-0.011,97.303,13543.0,52838.0,,,
2019-05-07,97.285,97.51,97.135,97.399,0.131,97.331,17155.0,56995.0,,,
2019-05-06,97.335,97.465,97.225,97.268,0.008,97.332,9238.0,57057.0,,,
2019-05-03,97.575,97.865,97.185,97.26,-0.326,97.491,12963.0,57561.0,,,
2019-05-02,97.355,97.595,97.255,97.586,0.176,97.475,14396.0,55687.0,,,
2019-05-01,97.23,97.46,96.87,97.41,0.209,97.14,18042.0,57074.0,,,
2019-04-30,97.575,97.625,97.17,97.201,-0.38,97.323,16347.0,58362.0,,,
2019-04-29,97.75,97.84,97.545,97.581,-0.145,97.697,8419.0,58236.0,,,
2019-04-26,97.88,98.085,97.56,97.726,-0.193,97.756,14694.0,58419.0,,,
2019-04-25,97.8,98.055,97.715,97.919,0.064,97.877,16649.0,57202.0,,,
2019-04-24,97.265,97.88,97.265,97.855,0.535,97.512,19996.0,54806.0,,,
2019-04-23,96.97,97.46,96.955,97.32,0.365,97.232,12187.0,51812.0,,,
2019-04-22,97.085,97.1,96.92,96.955,,97.0,6230.0,51929.0,,,
2019-04-18,96.695,97.29,96.62,97.151,0.493,96.98,16759.0,47757.0,,,
2019-04-17,96.73,96.785,96.46,96.658,0.006,96.608,10497.0,48329.0,,,
2019-04-16,96.545,96.73,96.5,96.652,0.096,96.622,14628.0,47190.0,,,
2019-04-15,96.58,96.58,96.405,96.556,-0.042,96.499,9890.0,47987.0,,,
2019-04-12,96.8,96.815,96.365,96.598,-0.211,96.527,16005.0,50548.0,,,
2019-04-11,96.525,96.86,96.5,96.809,0.251,96.695,10058.0,48365.0,,,
2019-04-10,96.6,96.84,96.405,96.558,-0.053,96.599,13597.0,49480.0,,,
2019-04-09,96.675,96.7,96.46,96.611,-0.039,96.556,9463.0,49844.0,,,
2019-04-08,97.0,97.02,96.575,96.65,-0.352,96.717,12357.0,49297.0,,,
2019-04-05,96.92,97.075,96.7,97.002,0.077,96.934,10234.0,49316.0,,,
2019-04-04,96.62,96.945,96.605,96.925,0.263,96.858,16275.0,48873.0,,,
2019-04-03,96.885,96.89,96.525,96.662,-0.261,96.662,12578.0,49605.0,,,
2019-04-02,96.895,97.095,96.825,96.923,0.124,96.962,13999.0,48678.0,,,
2019-04-01,96.795,96.87,96.58,96.799,-0.046,96.728,14049.0,47367.0,,,
2019-03-29,96.765,96.91,96.565,96.845,0.081,96.753,15901.0,45768.0,,,
2019-03-28,96.485,96.855,96.36,96.764,0.481,96.697,20791.0,42346.0,,,
2019-03-27,96.25,96.49,96.19,96.283,0.058,96.36,11335.0,42088.0,,,
2019-03-26,95.99,96.335,95.94,96.225,0.157,96.128,10831.0,42381.0,28.0,,
2019-03-25,96.145,96.19,95.895,96.068,-0.083,96.021,11685.0,41957.0,,,
2019-03-22,95.84,96.29,95.695,96.151,0.164,96.089,20724.0,41701.0,,,
2019-03-21,95.38,96.125,95.295,95.987,0.786,95.781,28794.0,45592.0,,,
2019-03-20,95.84,96.03,95.17,95.201,-0.63,95.54,25782.0,43535.0,,,
2019-03-19,95.97,95.975,95.73,95.831,-0.152,95.83,9633.0,43744.0,,,
2019-03-18,95.995,96.09,95.83,95.983,-0.067,95.962,7961.0,44075.0,,,
2019-03-15,96.72,96.775,96.475,96.59,-0.179,96.608,6938.0,15078.0,,,
2019-03-14,96.48,96.805,96.475,96.769,0.257,96.682,17747.0,28432.0,,,
2019-03-13,96.975,96.985,96.345,96.512,-0.387,96.674,31339.0,39945.0,,,
2019-03-12,97.0,97.245,96.8,96.899,-0.275,96.992,26302.0,41661.0,,,
2019-03-11,97.35,97.41,97.115,97.174,-0.095,97.252,17091.0,46236.0,,,
2019-03-08,97.55,97.595,97.18,97.269,-0.359,97.345,25408.0,46784.0,,,
2019-03-07,96.785,97.665,96.765,97.628,0.829,97.224,27952.0,47361.0,,,
2019-03-06,96.83,96.94,96.705,96.799,0.004,96.817,14732.0,46442.0,,,
2019-03-05,96.615,96.95,96.585,96.795,0.185,96.759,14581.0,46879.0,,,
2019-03-04,96.295,96.745,96.255,96.61,0.16,96.563,16208.0,50799.0,,,
2019-03-01,96.165,96.475,95.96,96.45,0.407,96.289,30246.0,54201.0,,,
2019-02-28,96.005,96.195,95.715,96.043,0.005,95.986,22309.0,56772.0,,,
2019-02-27,95.915,96.07,95.755,96.038,0.173,95.931,14213.0,57895.0,,,
2019-02-26,96.255,96.345,95.81,95.865,-0.406,96.09,19179.0,55351.0,,,
2019-02-25,96.38,96.47,96.18,96.271,-0.096,96.307,13010.0,55416.0,,,
2019-02-22,96.465,96.65,96.28,96.367,-0.096,96.442,13025.0,56123.0,,,
2019-02-21,96.355,96.54,96.21,96.463,0.169,96.398,18036.0,56671.0,,,
2019-02-20,96.335,96.495,96.12,96.294,-0.055,96.334,19013.0,56955.0,,,
2019-02-19,96.665,96.93,96.25,96.349,-0.391,96.566,21432.0,56654.0,,,
2019-02-18,96.77,96.77,96.485,96.74,0.0,96.6,6770.0,56869.0,,,
2019-02-15,96.87,97.23,96.66,96.74,-0.065,96.914,18426.0,57238.0,,,
2019-02-14,97.0,97.12,96.77,96.805,-0.133,96.944,23999.0,55228.0,,,
2019-02-13,96.53,96.995,96.44,96.938,0.435,96.698,18222.0,54635.0,,,
2019-02-12,96.87,97.0,96.445,96.503,-0.354,96.711,18517.0,55059.0,,,
2019-02-11,96.43,96.915,96.41,96.857,0.441,96.705,17682.0,55037.0,,,
2019-02-08,96.335,96.49,96.235,96.416,0.127,96.375,12451.0,55278.0,,,
2019-02-07,96.155,96.455,96.155,96.289,0.137,96.281,15631.0,54900.0,,,
2019-02-06,95.82,96.185,95.785,96.152,0.335,96.012,13756.0,56086.0,,,
2019-02-05,95.585,95.865,95.54,95.817,0.247,95.748,18450.0,59205.0,,,
2019-02-04,95.31,95.655,95.305,95.57,0.27,95.521,11858.0,58614.0,,,
2019-02-01,95.29,95.4,95.11,95.3,-0.004,95.259,15824.0,58744.0,,,
2019-01-31,95.075,95.345,94.875,95.304,0.273,95.123,23623.0,60538.0,,,
2019-01-30,95.485,95.69,94.945,95.031,-0.485,95.32,22677.0,59244.0,,,
2019-01-29,95.435,95.56,95.305,95.516,0.092,95.461,14838.0,60418.0,,,
2019-01-28,95.45,95.595,95.315,95.424,-0.041,95.444,11815.0,61257.0,,,
2019-01-25,96.2,96.235,95.4,95.465,-0.832,95.745,30600.0,57051.0,,,
2019-01-24,95.74,96.375,95.715,96.297,0.525,96.109,33919.0,58836.0,,,
2019-01-23,95.96,96.045,95.705,95.772,-0.187,95.858,15628.0,58415.0,,,
2019-01-22,96.005,96.15,95.87,95.959,-0.034,96.007,10683.0,58579.0,,,
2019-01-21,96.0,96.1,95.86,95.993,0.0,95.987,4875.0,58491.0,,,
2019-01-18,95.72,96.05,95.665,95.993,0.28,95.877,15837.0,59599.0,,,
2019-01-17,95.71,95.925,95.625,95.713,0.036,95.746,17604.0,59506.0,,,
2019-01-16,95.55,95.795,95.48,95.677,0.002,95.658,14449.0,60298.0,,,
2019-01-15,95.155,95.895,95.07,95.675,0.468,95.559,28672.0,62102.0,,,
2019-01-14,95.225,95.325,95.08,95.207,-0.059,95.203,16313.0,63138.0,,,
2019-01-11,95.07,95.365,94.78,95.266,0.146,95.094,21025.0,63574.0,,,
2019-01-10,94.73,95.215,94.635,95.12,0.33,94.96,22317.0,62982.0,,,
2019-01-09,95.395,95.515,94.635,94.79,-0.689,94.998,29000.0,59679.0,,,
2019-01-08,95.285,95.615,95.28,95.479,0.251,95.467,17141.0,61298.0,,,
2019-01-07,95.705,95.73,95.195,95.228,-0.522,95.378,23360.0,57402.0,,,
2019-01-04,95.795,96.2,95.615,95.75,-0.128,95.859,29005.0,55107.0,,,
2019-01-03,96.35,96.37,95.775,95.878,-0.545,95.983,31519.0,51537.0,,,
2019-01-02,95.69,96.56,95.375,96.423,,96.125,32136.0,51670.0,,,
2018-12-31,95.965,96.07,95.585,95.735,-0.23,95.785,16649.0,49821.0,,,
2018-12-28,96.02,96.05,95.74,95.965,-0.036,95.908,14168.0,49669.0,,,
2018-12-27,96.46,96.495,95.935,96.001,-0.567,96.173,20520.0,48794.0,,,
2018-12-26,96.1,96.65,96.02,96.568,,96.362,15662.0,49280.0,,,
2018-12-24,96.44,96.44,95.87,96.007,-0.448,96.12,13927.0,48925.0,,,
2018-12-21,95.875,96.56,95.73,96.455,0.727,96.214,20134.0,49858.0,,,
2018-12-20,96.455,96.515,95.63,95.728,-0.756,95.895,31349.0,49407.0,,,
2018-12-19,96.39,96.565,95.995,96.484,-0.086,96.279,20141.0,49994.0,,,
2018-12-18,96.605,96.645,96.155,96.57,0.02,96.443,13569.0,50751.0,,,
2018-12-17,96.89,96.94,96.505,96.55,-0.36,96.674,12700.0,51237.0,,,
2018-12-14,97.09,97.705,97.09,97.43,0.374,97.479,11257.0,26211.0,,,
2018-12-13,97.075,97.29,96.86,97.056,0.038,97.07,23059.0,31845.0,,,
2018-12-12,97.36,97.47,96.855,97.018,-0.34,97.149,36086.0,38370.0,,,
2018-12-11,97.14,97.52,96.83,97.358,0.175,97.205,29724.0,44687.0,,,
2018-12-10,96.7,97.21,96.325,97.183,0.707,96.82,37931.0,53609.0,,,
2018-12-07,96.755,96.89,96.465,96.476,-0.288,96.674,20044.0,53729.0,,,
2018-12-06,96.94,97.175,96.495,96.764,-0.246,96.796,23219.0,53532.0,,,
2018-12-05,96.94,97.155,96.755,97.01,0.108,96.978,12133.0,52927.0,,,
2018-12-04,96.89,97.07,96.3,96.902,-0.067,96.675,25708.0,52994.0,,,
2018-12-03,97.055,97.085,96.64,96.969,-0.227,96.887,15843.0,53983.0,,,
2018-11-30,96.705,97.24,96.635,97.196,0.497,97.01,17870.0,53157.0,,,
2018-11-29,96.78,96.93,96.545,96.699,0.018,96.733,19212.0,54710.0,,,
2018-11-28,97.31,97.455,96.58,96.681,-0.599,97.04,29530.0,53615.0,,,
2018-11-27,96.93,97.41,96.88,97.28,0.301,97.156,19326.0,53982.0,,,
2018-11-26,96.805,97.005,96.56,96.979,0.154,96.778,11229.0,54124.0,,,
2018-11-23,96.4,96.865,96.295,96.825,0.24,96.645,13661.0,54130.0,,,
2018-11-22,96.595,96.615,96.205,96.585,0.0,96.404,10399.0,53831.0,,,
2018-11-21,96.725,96.755,96.36,96.585,-0.131,96.564,23452.0,54025.0,,,
2018-11-20,96.095,96.77,95.93,96.716,0.65,96.346,19072.0,54112.0,,,
2018-11-19,96.275,96.435,95.985,96.066,-0.267,96.173,15656.0,54384.0,,,
2018-11-16,96.89,96.92,96.26,96.333,-0.458,96.525,23825.0,54454.0,,,
2018-11-15,96.83,97.245,96.625,96.791,0.132,96.963,36080.0,54220.0,,,
2018-11-14,96.91,97.26,96.585,96.659,-0.485,96.92,37707.0,55174.0,,,
2018-11-13,97.43,97.505,96.91,97.144,-0.238,97.194,24029.0,55488.0,,,
2018-11-12,96.875,97.53,96.8,97.382,0.648,97.205,21075.0,54955.0,,,
2018-11-09,96.475,96.85,96.455,96.734,0.184,96.663,16027.0,55123.0,,,
2018-11-08,95.995,96.58,95.895,96.55,0.743,96.153,17933.0,55217.0,,,
2018-11-07,95.765,96.285,95.485,95.807,-0.31,95.799,34006.0,54919.0,,,
2018-11-06,96.115,96.255,95.95,96.117,0.034,96.1,14077.0,55370.0,,,
2018-11-05,96.275,96.51,96.045,96.083,-0.26,96.287,16868.0,55425.0,,,
2018-11-02,96.13,96.405,95.795,96.343,0.262,96.089,31266.0,56578.0,,,
2018-11-01,96.885,96.91,96.0,96.081,-0.82,96.322,29791.0,57606.0,,,
2018-10-31,96.78,96.98,96.655,96.901,0.11,96.825,22884.0,57393.0,,,
2018-10-30,96.44,96.805,96.395,96.791,0.441,96.607,16488.0,56573.0,,,
2018-10-29,96.225,96.475,96.115,96.35,0.222,96.307,24382.0,56300.0,,,
2018-10-26,96.35,96.62,96.05,96.128,-0.327,96.328,28671.0,57686.0,,,
2018-10-25,96.12,96.5,95.975,96.455,0.273,96.219,28287.0,54859.0,,,
2018-10-24,95.71,96.305,95.665,96.182,0.469,96.048,28403.0,56585.0,,,
2018-10-23,95.775,95.92,95.545,95.713,-0.036,95.702,22791.0,55459.0,,,
2018-10-22,95.385,95.84,95.205,95.749,0.306,95.589,16460.0,54918.0,,,
2018-10-19,95.695,95.83,95.275,95.443,-0.195,95.56,26371.0,54999.0,,,
2018-10-18,95.365,95.735,95.21,95.638,0.341,95.455,23261.0,54431.0,,,
2018-10-17,94.795,95.375,94.77,95.297,0.549,95.078,24832.0,52928.0,,,
2018-10-16,94.765,94.9,94.47,94.748,-0.006,94.698,15733.0,53207.0,,,
2018-10-15,95.005,95.06,94.635,94.754,-0.157,94.794,13754.0,52901.0,,,
2018-10-12,94.715,95.055,94.64,94.911,0.205,94.852,16371.0,53411.0,,,
2018-10-11,95.12,95.125,94.665,94.706,-0.471,94.856,29203.0,57518.0,,,
2018-10-10,95.305,95.47,95.05,95.177,-0.169,95.227,20043.0,56251.0,,,
2018-10-09,95.425,95.84,95.31,95.346,-0.09,95.554,21726.0,54247.0,,,
2018-10-08,95.3,95.705,95.26,95.436,0.131,95.522,12182.0,53563.0,,,
2018-10-05,95.41,95.625,95.175,95.305,-0.107,95.384,23060.0,51817.0,,,
2018-10-04,95.715,95.78,95.19,95.412,0.006,95.492,25227.0,52277.0,,,
2018-10-03,95.115,95.745,94.885,95.406,0.266,95.212,21506.0,51461.0,,,
2018-10-02,94.92,95.39,94.895,95.14,0.211,95.146,26489.0,50973.0,,,
2018-10-01,94.71,95.0,94.605,94.929,0.192,94.827,14857.0,49583.0,,,
2018-09-28,94.63,94.985,94.55,94.737,0.213,94.765,23143.0,52311.0,,,
2018-09-27,93.89,94.62,93.81,94.524,0.751,94.299,27052.0,51387.0,,,
2018-09-26,93.76,94.0,93.52,93.773,0.062,93.806,21089.0,51211.0,,,
2018-09-25,93.82,93.96,93.59,93.711,-0.064,93.743,14779.0,51379.0,,,
2018-09-24,93.795,93.95,93.415,93.775,-0.023,93.671,16814.0,52209.0,,,
2018-09-21,93.49,93.93,93.395,93.798,0.307,93.676,23206.0,55016.0,,,
2018-09-20,94.165,94.165,93.405,93.491,-0.628,93.662,28353.0,55927.0,,,
2018-09-19,94.15,94.325,93.91,94.119,-0.108,94.122,15320.0,55447.0,,,
2018-09-18,94.18,94.32,93.88,94.227,0.151,94.097,19090.0,55401.0,,,
2018-09-17,94.555,94.565,94.005,94.076,-0.429,94.202,13983.0,54765.0,,,
2018-09-14,94.56,94.99,94.355,94.925,0.408,94.71,10467.0,21943.0,,,
2018-09-13,94.85,94.955,94.41,94.517,-0.251,94.655,27956.0,22892.0,,,
2018-09-12,95.11,95.27,94.705,94.768,-0.457,94.96,34874.0,27940.0,,,
2018-09-11,95.13,95.33,94.845,95.225,0.115,95.141,29316.0,35059.0,,,
2018-09-10,95.385,95.54,94.985,95.11,-0.219,95.201,23112.0,44161.0,,,
2018-09-07,95.0,95.42,94.83,95.329,0.341,95.161,26235.0,48736.0,,,
2018-09-06,95.04,95.175,94.88,94.988,-0.136,95.049,17385.0,46346.0,,,
2018-09-05,95.35,95.62,94.995,95.124,-0.256,95.249,24328.0,48033.0,,,
2018-09-04,95.105,95.68,95.085,95.38,0.297,95.431,22201.0,51786.0,,,
2018-09-03,95.115,95.175,94.945,95.083,0.0,95.074,6596.0,51488.0,,,
2018-08-31,94.655,95.17,94.485,95.083,0.404,94.879,21915.0,51226.0,,,
2018-08-30,94.455,94.85,94.395,94.679,0.157,94.663,21374.0,48537.0,,,
2018-08-29,94.63,94.86,94.44,94.522,-0.113,94.659,18772.0,48245.0,,,
2018-08-28,94.66,94.825,94.34,94.635,-0.049,94.543,18564.0,49133.0,,,
2018-08-27,95.08,95.23,94.595,94.684,-0.379,94.855,18839.0,50797.0,,,
2018-08-24,95.57,95.61,94.935,95.063,-0.52,95.199,23377.0,51667.0,,,
2018-08-23,95.08,95.625,95.08,95.583,0.532,95.344,18332.0,51762.0,,,
2018-08-22,95.095,95.28,94.83,95.051,-0.099,95.007,17928.0,52035.0,,,
2018-08-21,95.625,95.66,94.96,95.15,-0.639,95.312,24690.0,53324.0,,,
2018-08-20,96.05,96.3,95.655,95.789,-0.192,95.994,17935.0,53238.0,,,
2018-08-17,96.5,96.56,95.97,95.981,-0.555,96.211,17167.0,54100.0,,,
2018-08-16,96.615,96.665,96.205,96.536,-0.041,96.442,19619.0,53620.0,,,
2018-08-15,96.55,96.865,96.53,96.577,-0.028,96.682,19018.0,53898.0,,,
2018-08-14,96.21,96.67,96.02,96.605,0.354,96.334,20760.0,52058.0,,,
2018-08-13,96.25,96.39,96.02,96.251,0.033,96.217,20274.0,51567.0,,,
2018-08-10,95.48,96.31,95.385,96.218,0.863,95.955,43148.0,52509.0,,,
2018-08-09,94.955,95.485,94.87,95.355,0.465,95.193,19152.0,52117.0,,,
2018-08-08,94.99,95.25,94.82,94.89,-0.156,95.025,16853.0,51323.0,,,
2018-08-07,95.17,95.225,94.81,95.046,-0.141,94.991,15096.0,50622.0,,,
2018-08-06,95.045,95.35,95.03,95.187,0.226,95.195,15081.0,49622.0,,,
2018-08-03,95.01,95.195,94.795,94.961,-0.026,94.958,22574.0,51580.0,,,
2018-08-02,94.45,95.02,94.42,94.987,0.559,94.782,20487.0,50823.0,,,
2018-08-01,94.355,94.515,94.29,94.428,0.153,94.407,10724.0,50624.0,,,
2018-07-31,94.12,94.365,93.94,94.275,0.164,94.177,15480.0,51056.0,,,
2018-07-30,94.485,94.555,94.04,94.111,-0.349,94.253,12396.0,51681.0,,,
2018-07-27,94.545,94.7,94.42,94.46,-0.084,94.544,15966.0,51110.0,,,
2018-07-26,93.94,94.58,93.87,94.544,0.415,94.226,22628.0,49393.0,,,
2018-07-25,94.375,94.45,93.905,94.129,-0.259,94.211,19406.0,50034.0,,,
2018-07-24,94.425,94.635,94.165,94.388,-0.052,94.373,13352.0,50275.0,,,
2018-07-23,94.195,94.49,93.97,94.44,0.214,94.257,15262.0,50140.0,,,
2018-07-20,94.905,95.095,94.125,94.226,-0.716,94.571,34634.0,50405.0,,,
2018-07-19,94.82,95.44,94.665,94.942,0.131,95.077,40045.0,44588.0,,,
2018-07-18,94.8,95.18,94.72,94.811,0.107,94.941,27546.0,47127.0,,,
2018-07-17,94.29,94.855,94.04,94.704,0.432,94.458,18655.0,46019.0,,,
2018-07-16,94.455,94.52,94.15,94.272,-0.228,94.306,12032.0,45592.0,,,
2018-07-13,94.64,95.0,94.43,94.5,-0.064,94.742,17519.0,46934.0,,,
2018-07-12,94.485,94.715,94.4,94.564,0.078,94.53,14680.0,47849.0,,,
2018-07-11,93.955,94.535,93.82,94.486,0.597,94.132,25186.0,45909.0,,,
2018-07-10,93.805,94.225,93.75,93.889,0.082,93.98,14451.0,45667.0,,,
2018-07-09,93.73,93.94,93.44,93.807,0.038,93.674,17464.0,46203.0,,,
2018-07-06,94.125,94.235,93.575,93.769,-0.454,93.863,19778.0,47146.0,,,
2018-07-05,94.27,94.345,93.915,94.223,-0.189,94.111,13953.0,47636.0,,,
2018-07-04,94.32,94.455,94.135,94.412,0.0,94.309,10798.0,47756.0,,,
2018-07-03,94.59,94.73,94.28,94.412,-0.367,94.447,15034.0,48143.0,,,
2018-07-02,94.3,94.885,94.26,94.779,0.43,94.645,16215.0,46853.0,,,
2018-06-29,95.025,95.055,94.195,94.349,-0.747,94.515,28018.0,48080.0,,,
2018-06-28,94.97,95.255,94.79,95.096,0.127,94.994,19785.0,47599.0,,,
2018-06-27,94.375,95.11,94.2,94.969,0.623,94.632,20158.0,45656.0,,,
2018-06-26,93.95,94.455,93.83,94.346,0.407,94.168,15302.0,45364.0,,,
2018-06-25,94.15,94.365,93.865,93.939,-0.241,94.104,16304.0,45454.0,,,
2018-06-22,94.55,94.55,94.095,94.18,-0.224,94.278,18273.0,46345.0,,,
2018-06-21,94.79,95.22,94.34,94.404,-0.312,94.796,28338.0,45725.0,,,
2018-06-20,94.645,94.985,94.585,94.716,-0.013,94.759,16231.0,45327.0,,,
2018-06-19,94.345,94.945,94.175,94.729,0.272,94.672,26769.0,45959.0,,,
2018-06-18,94.495,94.705,94.375,94.457,0.01,94.51,14938.0,45017.0,,,
2018-06-15,94.955,95.13,94.665,94.782,0.006,94.819,10089.0,20594.0,,,
2018-06-14,93.49,94.945,93.18,94.776,1.077,94.103,31058.0,26639.0,,,
2018-06-13,93.815,94.04,93.52,93.699,-0.102,93.782,42467.0,34313.0,,,
2018-06-12,93.68,93.915,93.455,93.801,0.241,93.681,24787.0,33708.0,,,
2018-06-11,93.51,93.67,93.355,93.56,0.023,93.515,19867.0,37299.0,,,
2018-06-08,93.47,93.825,93.38,93.537,0.161,93.604,18648.0,38247.0,,,
2018-06-07,93.585,93.585,93.19,93.376,-0.258,93.366,18375.0,38552.0,,,
2018-06-06,93.805,93.865,93.385,93.634,-0.237,93.628,25222.0,39652.0,,,
2018-06-05,93.985,94.295,93.755,93.871,-0.115,94.031,20633.0,40249.0,,,
2018-06-04,94.165,94.165,93.63,93.986,-0.183,93.905,16760.0,40371.0,,,
2018-06-01,93.96,94.435,93.855,94.169,0.21,94.13,28831.0,41159.0,,,
2018-05-31,94.05,94.215,93.69,93.959,-0.156,93.961,32315.0,40721.0,,,
2018-05-30,94.8,94.925,93.985,94.115,-0.674,94.315,37620.0,42154.0,,,
2018-05-29,94.345,94.975,94.235,94.789,0.659,94.697,35738.0,41713.0,,,
2018-05-28,94.06,94.435,93.805,94.13,0.0,94.158,15145.0,40452.0,,,
2018-05-25,93.735,94.24,93.69,94.13,0.429,93.99,23154.0,39362.0,,,
2018-05-24,93.85,93.91,93.545,93.701,-0.217,93.708,22333.0,38212.0,,,
2018-05-23,93.45,94.115,93.425,93.918,0.392,93.857,28844.0,38473.0,,,
2018-05-22,93.46,93.65,93.2,93.526,-0.055,93.428,20943.0,37074.0,,,
2018-05-21,93.585,93.965,93.42,93.581,0.037,93.695,22278.0,37497.0,,,
2018-05-18,93.44,93.74,93.24,93.544,0.169,93.522,19438.0,37473.0,,,
2018-05-17,93.195,93.48,93.005,93.375,0.094,93.298,21660.0,37396.0,,,
2018-05-16,93.22,93.515,93.015,93.281,0.188,93.283,28237.0,37701.0,,,
2018-05-15,92.53,93.345,92.48,93.093,0.631,92.966,29914.0,36633.0,,,
2018-05-14,92.425,92.55,92.115,92.462,0.051,92.284,17871.0,36012.0,,,
2018-05-11,92.605,92.71,92.235,92.411,-0.105,92.418,20262.0,34961.0,,,
2018-05-10,93.005,93.03,92.39,92.516,-0.368,92.676,34751.0,34652.0,,,
2018-05-09,92.905,93.26,92.695,92.884,-0.074,92.948,26452.0,35117.0,,,
2018-05-08,92.555,93.135,92.505,92.958,0.366,92.896,29976.0,34823.0,,,
2018-05-07,92.415,92.825,92.29,92.592,0.184,92.607,19364.0,34471.0,,,
2018-05-04,92.27,92.755,92.19,92.408,0.157,92.46,25441.0,34772.0,,,
2018-05-03,92.59,92.6,92.185,92.251,-0.088,92.342,23017.0,35179.0,,,
2018-05-02,92.295,92.665,92.04,92.339,0.084,92.305,38903.0,33408.0,,,
2018-05-01,91.62,92.37,91.595,92.255,0.625,92.111,27413.0,31091.0,,,
2018-04-30,91.345,91.71,91.28,91.63,0.287,91.552,23564.0,30615.0,,,
2018-04-27,91.385,91.79,91.29,91.343,-0.022,91.517,30518.0,31674.0,,,
2018-04-26,91.005,91.44,90.745,91.365,0.412,91.086,38967.0,31341.0,,,
2018-04-25,90.54,91.035,90.515,90.953,0.416,90.891,26434.0,30325.0,,,
2018-04-24,90.695,90.85,90.475,90.537,-0.168,90.665,24268.0,31519.0,,,
2018-04-23,90.14,90.75,90.08,90.705,0.63,90.459,31075.0,29519.0,,,
2018-04-20,89.655,90.245,89.64,90.075,0.38,89.983,31758.0,31455.0,,,
2018-04-19,89.355,89.71,89.235,89.695,0.348,89.48,24763.0,33349.0,,,
2018-04-18,89.225,89.5,89.165,89.347,0.119,89.293,19771.0,33082.0,,,
2018-04-17,89.115,89.385,88.945,89.228,0.093,89.179,14989.0,32930.0,,,
2018-04-16,89.5,89.555,89.085,89.135,-0.368,89.268,17091.0,31764.0,,,
2018-04-13,89.46,89.59,89.37,89.503,0.047,89.489,12803.0,31607.0,,,
2018-04-12,89.21,89.675,89.16,89.456,0.203,89.49,23614.0,32545.0,,,
2018-04-11,89.28,89.365,89.02,89.253,-0.027,89.188,18443.0,32067.0,,,
2018-04-10,89.545,89.665,89.23,89.28,-0.254,89.391,21988.0,31327.0,,,
2018-04-09,89.85,89.98,89.51,89.534,-0.248,89.702,22271.0,29735.0,,,
2018-04-06,90.07,90.295,89.745,89.782,-0.372,89.968,22625.0,29790.0,,,
2018-04-05,89.745,90.27,89.74,90.154,0.371,90.059,25718.0,29900.0,,,
2018-04-04,89.8,89.895,89.57,89.783,-0.076,89.731,15113.0,29925.0,,,
2018-04-03,89.73,89.945,89.515,89.859,0.153,89.775,19800.0,30347.0,,,
2018-04-02,89.68,89.81,89.41,89.706,,89.647,13275.0,30704.0,,,
2018-03-29,89.725,89.84,89.575,89.812,0.093,89.713,17761.0,30787.0,,,
2018-03-28,88.97,89.82,88.895,89.719,0.736,89.407,32562.0,34449.0,,,
2018-03-27,88.625,89.25,88.53,88.983,0.379,88.94,24993.0,35464.0,,,
2018-03-26,89.04,89.105,88.56,88.604,-0.429,88.773,25798.0,30886.0,,,
2018-03-23,89.325,89.345,88.975,89.033,-0.44,89.142,22742.0,28944.0,,,
2018-03-22,89.265,89.575,88.99,89.473,0.104,89.319,26349.0,30212.0,,,
2018-03-21,89.98,89.985,89.215,89.369,-0.585,89.634,32855.0,28699.0,,,
2018-03-20,89.47,90.025,89.41,89.954,0.622,89.737,18114.0,29642.0,,,
2018-03-19,89.76,89.94,89.32,89.332,-0.465,89.63,25842.0,27408.0,,,
2018-03-16,90.12,90.375,89.875,90.212,0.086,90.168,9387.0,9329.0,,,
2018-03-15,89.695,90.165,89.62,90.126,0.439,89.887,21067.0,16309.0,,,
2018-03-14,89.685,89.875,89.54,89.687,0.044,89.722,24987.0,21261.0,,,
2018-03-13,89.87,90.09,89.565,89.643,-0.224,89.784,26215.0,21347.0,,,989.0
2018-03-12,90.065,90.165,89.815,89.867,-0.198,89.99,23384.0,26673.0,,,
2018-03-09,90.175,90.365,89.965,90.065,-0.091,90.151,25546.0,30033.0,,,
2018-03-08,89.585,90.215,89.42,90.156,0.549,89.798,31827.0,31057.0,,,
2018-03-07,89.49,89.745,89.33,89.607,0.017,89.547,23588.0,31160.0,,,
2018-03-06,89.92,90.035,89.47,89.59,-0.451,89.674,32814.0,30623.0,,,
2018-03-05,89.83,90.19,89.65,90.041,0.135,89.991,24449.0,31074.0,,,
2018-03-02,90.2,90.26,89.835,89.906,-0.375,90.004,25816.0,30937.0,,,
2018-03-01,90.655,90.885,90.16,90.281,-0.27,90.611,39784.0,32932.0,,,
2018-02-28,90.305,90.65,90.245,90.551,0.271,90.472,24709.0,33097.0,,,
2018-02-27,89.675,90.435,89.62,90.28,0.49,90.088,29716.0,34171.0,,,
2018-02-26,89.88,90.0,89.425,89.79,-0.018,89.728,20834.0,34361.0,,,
2018-02-23,89.705,89.99,89.69,89.808,0.152,89.814,16556.0,34444.0,,,
2018-02-22,90.055,90.17,89.56,89.656,-0.257,89.853,24080.0,34699.0,,,
2018-02-21,89.675,90.06,89.49,89.913,0.277,89.79,23071.0,35129.0,,,
2018-02-20,89.165,89.72,89.155,89.636,0.623,89.512,17881.0,35811.0,,,
2018-02-19,89.005,89.355,88.865,89.013,0.0,89.128,11416.0,36325.0,,,
2018-02-16,88.5,89.15,88.15,89.013,0.508,88.682,26169.0,36584.0,,,
2018-02-15,88.89,88.89,88.445,88.505,-0.5,88.667,27690.0,36688.0,,,
2018-02-14,89.595,90.02,88.835,89.005,-0.587,89.466,39237.0,37050.0,,,
2018-02-13,90.06,90.07,89.49,89.592,-0.504,89.673,20985.0,36880.0,,,
2018-02-12,90.25,90.31,89.955,90.096,-0.238,90.122,19214.0,37832.0,,,
2018-02-09,90.16,90.45,90.005,90.334,0.218,90.259,34964.0,39432.0,,,
2018-02-08,90.155,90.455,89.895,90.116,-0.002,90.189,35270.0,40450.0,,,
2018-02-07,89.49,90.275,89.325,90.118,0.667,89.88,33064.0,41112.0,,,
2018-02-06,89.465,89.92,89.235,89.451,0.046,89.572,40145.0,42179.0,,,
2018-02-05,89.185,89.58,88.875,89.405,0.369,89.27,37140.0,43764.0,,,
2018-02-02,88.49,89.275,88.44,89.036,0.531,88.92,32678.0,43313.0,,,
2018-02-01,88.935,89.17,88.385,88.505,-0.449,88.766,23881.0,43564.0,,,
2018-01-31,88.95,89.135,88.615,88.954,-0.045,88.857,29179.0,44942.0,,,
2018-01-30,89.215,89.48,88.74,88.999,-0.132,89.072,26244.0,45272.0,,,
2018-01-29,88.95,89.44,88.835,89.131,0.24,89.155,25766.0,42839.0,,,
2018-01-26,89.17,89.18,88.565,88.891,-0.336,88.846,33158.0,44089.0,,,
2018-01-25,89.095,89.415,88.255,89.227,0.216,88.79,77360.0,46590.0,,,
2018-01-24,89.875,89.905,88.955,89.011,-0.904,89.325,32301.0,47222.0,,,
2018-01-23,90.155,90.395,89.845,89.915,-0.276,90.091,20361.0,45741.0,,,
2018-01-22,90.27,90.5,90.14,90.191,-0.179,90.31,16701.0,45465.0,,,
2018-01-19,90.32,90.51,89.96,90.37,0.073,90.255,24171.0,46575.0,,,
2018-01-18,90.65,90.765,90.205,90.297,-0.016,90.405,28152.0,48972.0,,,
2018-01-17,89.99,90.695,89.96,90.313,0.167,90.346,33599.0,49766.0,,,
2018-01-16,90.255,90.58,90.105,90.146,-0.589,90.366,27966.0,50653.0,,,
2018-01-15,90.595,90.705,90.045,90.735,0.0,90.305,24812.0,50000.0,,,
2018-01-12,91.51,91.63,90.53,90.735,-0.873,91.093,40561.0,49101.0,,,
2018-01-11,92.07,92.305,91.535,91.608,-0.462,91.844,22698.0,49226.0,,,
2018-01-10,92.225,92.285,91.65,92.07,-0.19,91.968,24556.0,49826.0,,,
2018-01-09,92.07,92.36,91.96,92.26,0.16,92.215,21576.0,50121.0,,,
2018-01-08,91.765,92.135,91.61,92.1,0.427,91.985,15958.0,51266.0,,,
2018-01-05,91.55,91.83,91.51,91.673,0.092,91.701,13752.0,51251.0,,,
2018-01-04,91.965,92.0,91.52,91.581,-0.315,91.671,15731.0,51716.0,,,
2018-01-03,91.56,91.99,91.535,91.896,0.323,91.771,17209.0,51150.0,,,
2018-01-02,91.895,91.93,91.47,91.573,,91.659,19616.0,50302.0,,,
2017-12-29,92.355,92.375,91.805,91.826,-0.474,91.996,21612.0,46764.0,,,
2017-12-28,92.69,92.69,92.275,92.3,-0.312,92.39,15435.0,45518.0,,,
2017-12-27,92.825,92.865,92.525,92.612,-0.189,92.633,16223.0,42771.0,,,
2017-12-26,92.885,92.96,92.755,92.801,,92.835,6306.0,42206.0,,,
2017-12-22,93.0,93.075,92.87,92.924,0.062,92.972,9375.0,41954.0,,,
2017-12-21,92.925,93.095,92.815,92.862,-0.029,92.96,12899.0,42322.0,,,
2017-12-20,93.035,93.12,92.75,92.891,-0.136,92.927,20126.0,39568.0,,,
2017-12-19,93.255,93.31,93.015,93.027,-0.212,93.166,14677.0,39087.0,,,
2017-12-18,93.495,93.555,92.915,93.239,-0.224,93.196,19526.0,39092.0,,,
2017-12-15,93.57,93.995,93.405,93.929,0.45,93.689,8973.0,16178.0,,,
2017-12-14,93.38,93.77,93.275,93.479,0.06,93.496,29826.0,20359.0,,,
2017-12-13,94.015,94.095,93.34,93.419,-0.661,93.775,30859.0,22859.0,,,
2017-12-12,93.895,94.21,93.745,94.08,0.237,94.011,18697.0,24422.0,,,
2017-12-11,93.86,93.955,93.65,93.843,-0.031,93.787,26429.0,31714.0,,,
2017-12-08,93.8,94.075,93.785,93.874,0.105,93.928,19750.0,32191.0,,,
2017-12-07,93.565,93.78,93.495,93.769,0.187,93.645,14810.0,32737.0,,,
2017-12-06,93.31,93.62,93.135,93.582,0.248,93.391,21657.0,34216.0,,,
2017-12-05,93.02,93.445,93.0,93.334,0.19,93.258,18286.0,35307.0,,,
2017-12-04,93.04,93.345,93.005,93.144,0.303,93.164,30067.0,36907.0,,,
2017-12-01,92.905,93.21,92.55,92.841,-0.161,92.883,31151.0,36950.0,,,
2017-11-30,93.2,93.465,92.68,93.002,-0.105,93.03,27689.0,38176.0,,,
2017-11-29,93.175,93.375,92.925,93.107,-0.106,93.174,17793.0,38737.0,,,
2017-11-28,92.795,93.27,92.76,93.213,0.388,93.034,21741.0,39064.0,,,
2017-11-27,92.665,92.865,92.43,92.825,0.118,92.644,22703.0,38350.0,,,
2017-11-24,93.11,93.175,92.61,92.707,-0.428,92.845,17459.0,37979.0,,,
2017-11-23,93.195,93.21,93.0,93.135,0.0,93.09,9956.0,39201.0,,,
2017-11-22,93.855,93.88,93.12,93.135,-0.742,93.474,24893.0,36626.0,,,
2017-11-21,93.945,94.085,93.795,93.877,-0.12,93.93,11698.0,36373.0,,,
2017-11-20,93.73,94.02,93.485,93.997,0.422,93.801,19683.0,38327.0,,,
2017-11-17,93.715,93.845,93.42,93.575,-0.279,93.603,16907.0,39766.0,,,
2017-11-16,93.785,93.915,93.69,93.854,0.128,93.809,12190.0,40012.0,,,
2017-11-15,93.77,93.8,93.305,93.726,0.003,93.554,25251.0,42957.0,,,
2017-11-14,94.405,94.44,93.64,93.723,-0.665,93.986,27436.0,44923.0,,,
2017-11-13,94.355,94.545,94.31,94.388,0.11,94.436,10711.0,45037.0,,,
2017-11-10,94.365,94.555,94.155,94.278,-0.074,94.312,14645.0,45867.0,,,
2017-11-09,94.85,94.865,94.305,94.352,-0.416,94.53,22013.0,48280.0,,,
2017-11-08,94.765,94.865,94.68,94.768,-0.032,94.757,11409.0,48818.0,,,
2017-11-07,94.63,95.07,94.6,94.8,0.143,94.891,23725.0,48768.0,,,
2017-11-06,94.825,95.0,94.605,94.657,-0.201,94.81,17711.0,48971.0,,,
2017-11-03,94.61,94.92,94.115,94.858,0.27,94.669,24482.0,46555.0,,,
2017-11-02,94.665,94.695,94.305,94.588,-0.121,94.529,17089.0,46633.0,,,
2017-11-01,94.415,94.755,94.4,94.709,0.28,94.607,16623.0,46313.0,,,
2017-10-31,94.365,94.6,94.35,94.429,-0.025,94.467,18904.0,47866.0,,,
2017-10-30,94.77,94.835,94.325,94.454,-0.368,94.581,22353.0,51058.0,,,
2017-10-27,94.66,95.06,94.63,94.822,0.313,94.849,36495.0,50046.0,,,
2017-10-26,93.495,94.615,93.365,94.509,0.932,94.056,44611.0,47044.0,,,
2017-10-25,93.83,93.89,93.475,93.577,-0.084,93.646,24505.0,48460.0,,,
2017-10-24,93.695,93.87,93.555,93.661,-0.153,93.741,18542.0,48654.0,,,
2017-10-23,93.64,93.9,93.56,93.814,0.235,93.774,16028.0,47791.0,,,
2017-10-20,93.045,93.675,92.995,93.579,0.459,93.467,27274.0,43979.0,,,
2017-10-19,93.29,93.425,92.91,93.12,-0.108,93.095,18559.0,44674.0,,,
2017-10-18,93.34,93.655,93.215,93.228,-0.122,93.436,15594.0,44248.0,,,
2017-10-17,93.14,93.59,93.135,93.35,0.189,93.406,16907.0,43322.0,,,
2017-10-16,92.965,93.21,92.93,93.161,0.226,93.065,15648.0,42570.0,,,
2017-10-13,92.93,93.09,92.59,92.935,0.037,92.805,21579.0,42400.0,,,
2017-10-12,92.755,93.065,92.635,92.898,0.073,92.881,17435.0,42690.0,,,
2017-10-11,93.06,93.19,92.88,92.825,-0.276,93.016,7241.0,,,,
2017-10-10,93.565,93.57,92.95,93.101,-0.404,93.145,26866.0,44542.0,,,
2017-10-09,93.625,93.67,93.455,93.505,-0.136,93.557,12435.0,44650.0,,,
2017-10-06,93.75,94.1,93.6,93.641,-0.162,93.862,27381.0,44525.0,,,
2017-10-05,93.365,93.835,93.25,93.803,0.519,93.573,18199.0,44392.0,,,
2017-10-04,93.415,93.42,93.085,93.284,-0.13,93.252,17763.0,45842.0,,,
2017-10-03,93.49,93.775,93.275,93.414,0.009,93.49,17651.0,44695.0,,,
2017-10-02,92.965,93.675,92.94,93.405,0.522,93.384,22433.0,44462.0,,,
2017-09-29,93.0,93.115,92.805,92.883,-0.049,92.965,21906.0,43921.0,,,
2017-09-28,93.26,93.495,92.92,92.932,-0.239,93.145,24777.0,43792.0,,,
2017-09-27,92.89,93.415,92.81,93.171,0.39,93.208,32504.0,43871.0,,,
2017-09-26,92.42,93.11,92.345,92.781,0.34,92.791,32788.0,42232.0,,,
2017-09-25,92.12,92.525,92.0,92.441,0.474,92.318,26581.0,42056.0,,,
2017-09-22,91.945,92.005,91.575,91.967,-0.082,91.786,24072.0,42447.0,,,
2017-09-21,92.4,92.46,91.89,92.049,-0.247,92.151,22397.0,41518.0,,,
2017-09-20,91.62,92.495,91.215,92.296,0.735,91.896,37394.0,41042.0,,,
2017-09-19,91.765,91.845,91.515,91.561,-0.263,91.671,24294.0,40524.0,,,
2017-09-18,91.655,91.995,91.585,91.824,0.171,91.767,18269.0,39175.0,,,
2017-09-15,92.0,92.155,91.585,91.863,-0.249,91.834,10877.0,18712.0,,,
2017-09-14,92.385,92.66,92.025,92.112,-0.396,92.334,26587.0,24711.0,,,
2017-09-13,91.875,92.515,91.69,92.508,0.652,92.142,49167.0,36149.0,,,1100.0
2017-09-12,91.885,92.06,91.755,91.856,0.003,91.908,31516.0,38040.0,,,
2017-09-11,91.39,91.965,91.39,91.853,0.527,91.663,36430.0,44864.0,,,
2017-09-08,91.44,91.49,90.99,91.326,-0.316,91.229,36101.0,46598.0,,,
2017-09-07,92.18,92.23,91.375,91.642,-0.61,91.683,58701.0,48055.0,,,
2017-09-06,92.2,92.335,91.945,92.252,0.026,92.134,28041.0,48568.0,,,
2017-09-05,92.61,92.695,92.145,92.226,-0.543,92.386,27653.0,48319.0,,,
2017-09-04,92.665,92.675,92.41,92.769,0.0,92.529,10719.0,48677.0,,,
2017-09-01,92.6,92.905,92.05,92.769,0.141,92.558,44564.0,48937.0,,,
2017-08-31,92.86,93.305,92.565,92.628,-0.195,92.923,38284.0,50521.0,,,
2017-08-30,92.295,92.885,92.19,92.823,0.639,92.615,29839.0,52535.0,,,
2017-08-29,92.185,92.41,91.55,92.184,0.044,91.873,51870.0,50569.0,,,
2017-08-28,92.35,92.48,92.115,92.14,-0.537,92.293,19551.0,51201.0,,,
2017-08-25,93.225,93.37,92.345,92.677,-0.525,92.804,44540.0,48073.0,,,
2017-08-24,93.09,93.305,93.075,93.202,0.132,93.193,10743.0,48018.0,,,
2017-08-23,93.44,93.555,93.04,93.07,-0.391,93.26,18700.0,48004.0,,,
2017-08-22,93.025,93.49,92.98,93.461,0.449,93.362,19612.0,49349.0,,,
2017-08-21,93.365,93.495,92.92,93.012,-0.347,93.158,18575.0,48324.0,,,
2017-08-18,93.65,93.685,93.245,93.359,-0.175,93.413,23748.0,48929.0,,,
2017-08-17,93.38,93.995,93.21,93.534,0.096,93.616,40454.0,48570.0,,,
2017-08-16,93.735,94.055,93.375,93.438,-0.318,93.723,35146.0,47073.0,,,
2017-08-15,93.395,94.04,93.34,93.756,0.451,93.754,23005.0,46972.0,,,
2017-08-14,92.98,93.39,92.945,93.305,0.349,93.219,13439.0,48174.0,,,
2017-08-11,93.295,93.415,92.83,92.956,-0.348,93.096,28525.0,48685.0,,,
2017-08-10,93.385,93.7,93.21,93.304,-0.126,93.471,17312.0,49104.0,,,
2017-08-09,93.47,93.785,93.365,93.43,-0.085,93.524,20176.0,48880.0,,,
2017-08-08,93.285,93.77,93.12,93.515,0.206,93.453,20298.0,49816.0,,,
2017-08-07,93.38,93.415,93.175,93.309,-0.107,93.302,13479.0,49582.0,,,
2017-08-04,92.61,93.64,92.58,93.416,0.709,93.149,31041.0,48723.0,,,
2017-08-03,92.775,92.905,92.555,92.707,0.008,92.774,21576.0,48473.0,,,
2017-08-02,92.905,93.03,92.39,92.699,-0.202,92.734,20522.0,48255.0,,,
2017-08-01,92.805,92.97,92.64,92.901,0.183,92.809,18708.0,48343.0,,,
2017-07-31,93.17,93.385,92.635,92.718,-0.396,93.016,29881.0,48651.0,,,
2017-07-28,93.675,93.795,93.1,93.114,-0.601,93.403,24440.0,48286.0,,,
2017-07-27,93.325,93.95,93.0,93.715,0.21,93.52,33805.0,49610.0,,,
2017-07-26,93.955,94.115,93.22,93.505,-0.383,93.74,30052.0,47777.0,,,
2017-07-25,93.85,93.96,93.46,93.888,0.09,93.722,23124.0,48700.0,,,
2017-07-24,93.785,93.945,93.65,93.798,0.119,93.799,13390.0,48359.0,,,
2017-07-21,94.115,94.17,93.67,93.679,-0.438,93.893,15570.0,48550.0,,,
2017-07-20,94.56,94.98,93.89,94.117,-0.471,94.452,48227.0,49821.0,,,
2017-07-19,94.475,94.69,94.445,94.588,0.186,94.556,11880.0,50927.0,,,
2017-07-18,94.95,94.97,94.275,94.402,-0.502,94.513,33621.0,53687.0,,,
2017-07-17,94.885,95.12,94.8,94.904,-0.026,94.943,12280.0,53023.0,,,
2017-07-14,95.55,95.615,94.87,94.93,-0.578,95.136,23335.0,51039.0,,,
2017-07-13,95.53,95.695,95.245,95.508,-0.004,95.533,18647.0,50848.0,,,
2017-07-12,95.42,95.745,95.275,95.512,0.09,95.508,20845.0,51104.0,,,
2017-07-11,95.83,95.96,95.405,95.422,-0.355,95.68,16456.0,50481.0,,,
2017-07-10,95.795,95.945,95.69,95.777,-0.015,95.823,20007.0,47599.0,,,
2017-07-07,95.585,95.93,95.525,95.792,0.217,95.757,20491.0,47522.0,,,
2017-07-06,96.005,96.11,95.56,95.575,-0.484,95.791,14274.0,47070.0,,,
2017-07-05,95.905,96.255,95.825,96.059,0.09,96.089,19131.0,48426.0,,,
2017-07-04,95.89,96.085,95.805,95.969,0.0,95.952,7549.0,48922.0,,,
2017-07-03,95.405,95.995,95.385,95.969,0.548,95.79,19916.0,48954.0,,,
2017-06-30,95.31,95.565,95.225,95.421,0.055,95.429,20291.0,47667.0,,,
2017-06-29,95.77,95.78,95.27,95.366,-0.378,95.519,22606.0,47133.0,,,
2017-06-28,96.175,96.32,95.67,95.744,-0.349,95.991,39795.0,46655.0,,,
2017-06-27,97.12,97.155,96.045,96.093,-1.023,96.51,33761.0,44352.0,,,
2017-06-26,96.94,97.16,96.81,97.116,0.174,96.976,15454.0,44280.0,,,
2017-06-23,97.255,97.295,96.86,96.942,-0.361,97.019,14010.0,43814.0,,,
2017-06-22,97.225,97.35,97.115,97.303,0.087,97.226,27551.0,45458.0,,,
2017-06-21,97.385,97.465,97.18,97.216,-0.196,97.336,14386.0,45402.0,,,
2017-06-20,97.28,97.515,97.135,97.412,0.148,97.381,30217.0,42877.0,,,
2017-06-19,96.85,97.285,96.75,97.264,0.398,97.041,18122.0,43261.0,,,
2017-06-16,97.48,97.55,97.095,97.146,-0.291,97.276,19111.0,44559.0,,,
2017-06-15,96.91,97.555,96.84,97.437,0.516,97.255,21798.0,56569.0,,,
2017-06-14,97.005,97.11,96.305,96.921,-0.021,96.724,57200.0,63508.0,,,
2017-06-13,97.17,97.26,96.925,96.942,-0.179,97.043,21803.0,70270.0,,,
2017-06-12,97.235,97.3,97.02,97.121,-0.118,97.171,24182.0,76351.0,,,
2017-06-09,97.26,97.47,97.125,97.239,0.341,97.318,29762.0,79392.0,,,
2017-06-08,96.695,97.135,96.565,96.898,0.19,96.923,33920.0,80234.0,,,
2017-06-07,96.565,96.94,96.455,96.708,0.117,96.686,24747.0,80921.0,,,
2017-06-06,96.75,96.75,96.465,96.591,-0.163,96.599,18621.0,79966.0,,,
2017-06-05,96.67,96.93,96.64,96.754,0.084,96.782,14973.0,80962.0,,,
2017-06-02,97.165,97.26,96.58,96.67,-0.471,96.873,29195.0,79830.0,,,
2017-06-01,96.955,97.27,96.85,97.141,0.287,97.093,16409.0,79975.0,,,
2017-05-31,97.355,97.425,96.795,96.854,-0.358,97.028,27255.0,80235.0,,,
2017-05-30,97.615,97.7,97.145,97.212,-0.152,97.365,27990.0,80161.0,,,
2017-05-29,97.32,97.44,97.255,97.364,0.0,97.323,5299.0,79417.0,,,
2017-05-26,97.15,97.465,96.965,97.364,0.188,97.266,24104.0,78871.0,,,
2017-05-25,96.9,97.205,96.805,97.176,0.029,97.005,21262.0,80381.0,,,
2017-05-24,97.32,97.375,96.945,97.147,-0.117,97.22,31819.0,81383.0,,,
2017-05-23,96.83,97.32,96.705,97.264,0.383,96.954,34006.0,80458.0,,,
2017-05-22,97.03,97.335,96.7,96.881,-0.149,96.949,24308.0,80364.0,,,
2017-05-19,97.715,97.74,96.965,97.03,-0.742,97.227,26378.0,77988.0,,,
2017-05-18,97.41,97.97,97.275,97.772,0.31,97.594,46222.0,75309.0,,,
2017-05-17,97.99,98.01,97.33,97.462,-0.536,97.664,29335.0,74929.0,,,
2017-05-16,98.76,98.77,97.97,97.998,-0.803,98.256,32800.0,72451.0,,,
2017-05-15,99.06,99.14,98.67,98.801,-0.33,98.829,18479.0,71957.0,,,
2017-05-12,99.53,99.585,99.035,99.131,-0.374,99.245,24672.0,71410.0,,,
2017-05-11,99.565,99.765,99.375,99.505,-0.054,99.532,18322.0,72517.0,,,
2017-05-10,99.34,99.605,99.25,99.559,0.015,99.425,21260.0,72216.0,,,
2017-05-09,99.02,99.565,98.96,99.544,0.608,99.343,29649.0,71859.0,,,
2017-05-08,98.37,99.055,98.355,98.936,0.408,98.812,29512.0,72842.0,,,
2017-05-05,98.63,98.895,98.41,98.528,-0.119,98.598,24976.0,72790.0,,,
2017-05-04,99.23,99.34,98.56,98.647,-0.435,98.873,31363.0,71369.0,,,
2017-05-03,98.77,99.27,98.75,99.082,0.253,99.0,27166.0,71776.0,,,
2017-05-02,98.93,99.085,98.775,98.829,-0.101,98.955,19825.0,72166.0,,,
2017-05-01,98.93,99.07,98.735,98.93,0.032,98.902,17673.0,69867.0,,,
2017-04-28,99.07,99.125,98.58,98.898,-0.057,98.849,26318.0,67807.0,,,
2017-04-27,98.855,99.21,98.69,98.955,0.035,98.909,40179.0,68614.0,,,
2017-04-26,98.725,99.205,98.605,98.92,0.272,98.966,32955.0,68325.0,,,
2017-04-25,98.965,99.1,98.565,98.648,-0.325,98.804,26514.0,66172.0,,,
2017-04-24,99.18,99.24,98.7,98.973,-0.907,98.99,30224.0,65015.0,,,
2017-04-21,99.75,99.935,99.56,99.88,0.195,99.813,23079.0,65010.0,,,
2017-04-20,99.7,99.76,99.29,99.685,0.047,99.528,22304.0,65252.0,,,
2017-04-19,99.455,99.785,99.415,99.638,0.234,99.615,17791.0,65069.0,,,
2017-04-18,100.24,100.31,99.365,99.404,-0.79,99.771,26523.0,64403.0,,,
2017-04-17,100.405,100.465,99.91,100.194,,100.127,14992.0,64867.0,,,
2017-04-13,100.03,100.5,99.93,100.463,-0.248,100.273,22776.0,66286.0,,,
2017-04-12,100.595,100.76,100.01,100.711,0.089,100.452,22388.0,69857.0,,,
2017-04-11,100.9,101.005,100.51,100.622,-0.33,100.693,24418.0,71831.0,,,
2017-04-10,101.12,101.265,100.87,100.952,-0.165,101.04,21832.0,70892.0,,,
2017-04-07,100.645,101.185,100.4,101.117,0.547,100.781,37150.0,67752.0,,,
2017-04-06,100.37,100.67,100.285,100.57,0.129,100.508,18133.0,67917.0,,,
2017-04-05,100.415,100.99,100.305,100.441,0.015,100.492,26548.0,67899.0,,,
2017-04-04,100.34,100.605,100.3,100.426,0.014,100.488,15960.0,68421.0,,,
2017-04-03,100.405,100.56,100.235,100.412,0.194,100.415,19237.0,68655.0,,,
2017-03-31,100.34,100.505,100.115,100.218,-0.067,100.311,25572.0,70452.0,,,
2017-03-30,99.85,100.465,99.795,100.285,0.449,100.037,28862.0,71431.0,,,
2017-03-29,99.56,99.965,99.495,99.836,0.287,99.785,25954.0,73232.0,,,
2017-03-28,99.055,99.62,98.92,99.549,0.576,99.208,26358.0,75502.0,,,
2017-03-27,99.335,99.335,98.67,98.973,-0.469,98.931,31745.0,73879.0,,,
2017-03-24,99.57,99.815,99.355,99.442,-0.121,99.524,22920.0,73024.0,,,
2017-03-23,99.585,99.665,99.435,99.563,0.095,99.56,23583.0,71922.0,,,
2017-03-22,99.5,99.725,99.34,99.468,-0.146,99.521,30154.0,71368.0,,,
2017-03-21,100.175,100.18,99.46,99.614,-0.62,99.658,33893.0,71075.0,,,
2017-03-20,100.11,100.265,99.835,100.234,0.119,100.078,19260.0,72500.0,,,
2017-03-17,100.065,100.28,99.97,100.115,-0.07,100.129,23348.0,73256.0,,,
2017-03-16,100.345,100.58,100.045,100.185,-0.39,100.3,36549.0,74285.0,,,
2017-03-15,101.57,101.59,100.32,100.575,-0.999,100.928,47714.0,73372.0,,,
2017-03-14,101.285,101.66,101.215,101.574,0.379,101.449,22531.0,72973.0,,,
2017-03-13,101.16,101.265,100.865,101.195,0.088,101.127,22844.0,73255.0,,,
2017-03-10,101.945,101.98,101.18,101.247,-0.606,101.597,18214.0,33914.0,,,
2017-03-09,102.15,102.25,101.7,101.853,-0.223,101.995,31010.0,45951.0,,,
2017-03-08,101.76,102.185,101.705,102.076,0.271,102.014,51021.0,57135.0,,,
2017-03-07,101.74,101.905,101.52,101.805,0.16,101.759,20648.0,58230.0,,,
2017-03-06,101.44,101.74,101.225,101.645,0.097,101.52,38657.0,70114.0,,,
2017-03-03,102.08,102.165,101.335,101.548,-0.656,101.843,61013.0,72585.0,,,
2017-03-02,101.81,102.27,101.79,102.204,0.424,102.072,30509.0,71131.0,,,
2017-03-01,101.475,101.98,101.22,101.78,0.651,101.695,54886.0,69290.0,,,
2017-02-28,101.2,101.38,100.775,101.129,0.0,101.012,31146.0,68766.0,,,
2017-02-27,101.155,101.28,100.68,101.129,0.039,100.986,24660.0,69077.0,,,
2017-02-24,101.04,101.15,100.64,101.09,0.037,100.917,35987.0,69215.0,,,
2017-02-23,101.35,101.435,100.855,101.053,-0.141,101.105,32820.0,70962.0,,,
2017-02-22,101.36,101.715,101.155,101.194,-0.161,101.461,38965.0,71009.0,,,
2017-02-21,101.08,101.61,101.075,101.355,0.404,101.409,28827.0,69953.0,,,
2017-02-20,100.855,100.99,100.74,100.951,0.0,100.857,9035.0,69787.0,,,
2017-02-17,100.495,100.96,100.44,100.951,0.521,100.716,27265.0,71056.0,,,
2017-02-16,100.935,101.045,100.4,100.43,-0.734,100.636,41895.0,70391.0,,,
2017-02-15,101.315,101.75,100.975,101.164,-0.069,101.336,42908.0,70803.0,,,
2017-02-14,100.95,101.385,100.7,101.233,0.283,101.12,38108.0,70046.0,,,
2017-02-13,100.79,101.11,100.57,100.95,0.159,100.895,23850.0,70033.0,,,
2017-02-10,100.685,101.015,100.56,100.791,0.144,100.763,34597.0,69643.0,,,
2017-02-09,100.24,100.67,100.075,100.647,0.383,100.444,33566.0,69426.0,,,
2017-02-08,100.435,100.63,100.03,100.264,0.019,100.294,31539.0,70720.0,,,
2017-02-07,99.96,100.695,99.91,100.245,0.38,100.397,38828.0,70308.0,,,
2017-02-06,99.7,100.225,99.605,99.865,0.023,99.99,27445.0,71550.0,,,
2017-02-03,99.825,100.37,99.52,99.842,0.054,99.828,49522.0,70596.0,,,
2017-02-02,99.56,99.84,99.195,99.788,0.18,99.467,40684.0,72770.0,,,
2017-02-01,99.58,100.06,99.48,99.608,0.127,99.772,42195.0,72577.0,,,
2017-01-31,100.39,100.505,99.4,99.481,-0.933,99.81,57721.0,73119.0,,,
2017-01-30,100.43,101.015,100.145,100.414,-0.112,100.574,38519.0,73208.0,,,
2017-01-27,100.515,100.81,100.31,100.526,0.151,100.544,30566.0,74097.0,,,
2017-01-26,99.795,100.735,99.765,100.375,0.356,100.383,35132.0,73259.0,,,
2017-01-25,100.24,100.395,99.815,100.019,-0.32,100.107,28271.0,72364.0,,,
2017-01-24,99.98,100.395,99.885,100.339,0.209,100.149,29391.0,73287.0,,,
2017-01-23,100.75,100.75,99.92,100.13,-0.56,100.326,40266.0,73131.0,,,
2017-01-20,101.195,101.485,100.675,100.69,-0.454,101.046,40552.0,73513.0,,,
2017-01-19,101.36,101.71,100.955,101.144,0.226,101.36,53384.0,73758.0,,,
2017-01-18,100.33,101.335,100.315,100.918,0.598,100.771,39873.0,75384.0,,,
2017-01-17,101.56,101.615,100.235,100.32,-0.868,100.602,61480.0,74854.0,,,
2017-01-16,101.48,101.725,101.31,101.188,0.0,101.55,15949.0,74693.0,,,
2017-01-13,101.52,101.68,100.83,101.188,-0.189,101.338,38032.0,74568.0,,,
2017-01-12,101.72,101.77,100.7,101.377,-0.37,101.092,54031.0,75931.0,,,
2017-01-11,102.015,102.96,101.24,101.747,-0.249,102.152,74587.0,78702.0,,,
2017-01-10,101.85,102.09,101.485,101.996,0.087,101.841,33331.0,79102.0,,,
2017-01-09,102.245,102.49,101.845,101.909,-0.3,102.141,31020.0,80632.0,,,
2017-01-06,101.54,102.3,101.395,102.209,0.681,101.891,38065.0,80546.0,,,
2017-01-05,102.065,102.5,101.295,101.528,-1.181,101.827,60274.0,82189.0,,,
2017-01-04,103.35,103.42,102.385,102.709,-0.492,102.776,36179.0,83043.0,,,
2017-01-03,102.815,103.815,102.625,103.201,,103.23,51701.0,85610.0,,,
