Date,Bid High,Ask High,Bid Low,Ask Low,Bid Average,Ask Average,6 Month Gold Lease Rates (%PA)
2020-11-30,1782.45,1791.8,1762.26,1771.03,1772.88,1781.7,
2020-11-27,1809.36,1818.13,1803.76,1812.53,1805.42,1814.34,
2020-11-26,1811.81,1821.3,1803.19,1812.2,1807.04,1815.96,
2020-11-25,1806.2,1815.7,1799.6,1808.38,1803.18,1811.97,
2020-11-24,1833.29,1842.6,1818.21,1826.98,1824.38,1833.42,
2020-11-23,1870.5,1879.57,1863.9,1874.2,1868.24,1877.2,
2020-11-20,1864.63,1873.64,1858.16,1866.93,1861.46,1870.3,
2020-11-19,1867.77,1877.13,1852.94,1861.95,1862.24,1871.08,
2020-11-18,1879.81,1888.58,1874.11,1882.88,1876.45,1885.22,
2020-11-17,1886.77,1895.54,1882.34,1891.16,1884.72,1893.59,
2020-11-16,1893.0,1901.69,1885.06,1893.83,1889.36,1898.23,
2020-11-13,1875.6,1884.2,1870.96,1879.73,1873.6,1882.56,
2020-11-12,1866.56,1875.59,1860.61,1869.38,1864.02,1873.18,
2020-11-11,1878.48,1887.6,1872.49,1881.21,1875.45,1884.32,
2020-11-10,1883.94,1892.7,1859.39,1868.9,1874.35,1883.22,
2020-11-09,1958.46,1967.23,1949.06,1957.83,1953.99,1962.83,
2020-11-06,1943.51,1952.6,1932.54,1941.54,1938.52,1947.35,
2020-11-05,1913.76,1922.53,1898.19,1907.0,1903.69,1912.49,
2020-11-04,1909.66,1918.43,1882.99,1891.9,1894.51,1903.42,
2020-11-03,1893.39,1902.2,1886.24,1895.15,1889.48,1898.34,
2020-11-02,1880.3,1889.3,1869.91,1878.68,1876.78,1885.68,
2020-10-30,1872.06,1880.83,1862.31,1871.08,1867.07,1875.91,
2020-10-29,1878.41,1887.43,1873.51,1882.28,1876.07,1884.91,
2020-10-28,1903.89,1912.9,1899.76,1908.53,1901.86,1910.64,
2020-10-27,1904.45,1913.26,1896.96,1905.73,1901.42,1910.25,
2020-10-26,1895.81,1904.23,1888.99,1898.1,1893.57,1902.34,
2020-10-23,1906.72,1915.58,1898.36,1907.13,1901.89,1910.65,
2020-10-22,1920.04,1928.83,1909.35,1918.16,1913.28,1922.09,
2020-10-21,1916.26,1925.03,1906.26,1915.03,1911.8,1920.58,
2020-10-20,1899.56,1908.33,1892.5,1901.5,1897.13,1905.9,
2020-10-19,1907.06,1915.83,1896.41,1905.52,1900.46,1909.3,
2020-10-16,1905.7,1914.7,1901.06,1909.83,1902.89,1911.78,
2020-10-15,1897.92,1906.98,1889.71,1898.48,1893.46,1902.36,
2020-10-14,1894.53,1903.53,1885.91,1894.68,1890.24,1899.1,
2020-10-13,1920.61,1929.38,1906.91,1915.96,1913.52,1922.4,
2020-10-12,1925.79,1934.82,1918.39,1927.6,1922.62,1931.44,
2020-10-09,1910.76,1919.87,1890.71,1899.48,1903.35,1912.29,
2020-10-08,1890.61,1899.38,1880.85,1889.68,1884.21,1893.04,
2020-10-07,1890.01,1898.78,1871.86,1880.63,1880.41,1889.36,
2020-10-06,1909.72,1918.59,1904.96,1913.88,1906.94,1915.88,
2020-10-05,1898.56,1907.33,1888.21,1896.98,1892.67,1901.55,
2020-10-02,1909.11,1917.88,1886.81,1895.81,1898.93,1907.88,
2020-10-01,1893.01,1901.89,1880.74,1889.83,1887.49,1896.37,
2020-09-30,1894.29,1903.36,1878.93,1888.01,1886.93,1895.84,
2020-09-29,1880.61,1889.44,1873.73,1883.13,1877.96,1886.96,
2020-09-28,1857.26,1866.01,1847.74,1856.94,1853.89,1862.88,
2020-09-25,1868.96,1877.96,1859.52,1868.22,1864.92,1873.87,
2020-09-24,1857.81,1866.58,1847.14,1856.15,1852.49,1861.31,
2020-09-23,1899.72,1908.77,1873.06,1882.23,1887.99,1896.88,
2020-09-22,1913.65,1922.43,1895.54,1904.54,1906.39,1915.22,
2020-09-21,1949.11,1957.87,1934.27,1943.43,1945.67,1954.6,
2020-09-18,1950.87,1959.99,1941.74,1950.78,1947.5,1956.47,
2020-09-17,1955.56,1964.33,1935.01,1943.78,1943.46,1952.4,
2020-09-16,1960.95,1969.9,1948.46,1957.22,1954.39,1963.26,
2020-09-15,1963.24,1972.31,1952.25,1961.31,1957.96,1966.92,
2020-09-14,1946.06,1954.83,1936.61,1945.33,1941.98,1950.82,
2020-09-11,1944.09,1952.95,1935.47,1944.23,1938.99,1947.81,
2020-09-10,1942.94,1951.61,1939.41,1948.18,1941.55,1950.57,
2020-09-09,1927.56,1936.4,1920.97,1929.72,1924.65,1933.43,
2020-09-08,1927.76,1936.65,1919.06,1927.83,1923.92,1932.67,
2020-09-07,1935.51,1944.21,1925.22,1934.28,1930.59,1939.42,
2020-09-04,1935.43,1944.31,1923.87,1932.57,1930.49,1939.28,
2020-09-03,1943.62,1952.62,1925.67,1934.67,1935.93,1944.74,
2020-09-02,1968.08,1976.82,1957.88,1966.73,1961.61,1970.36,
2020-09-01,1985.25,1994.14,1961.77,1970.49,1976.97,1985.77,
2020-08-31,1969.49,1978.19,1954.23,1963.23,1963.76,1972.54,
2020-08-28,1951.51,1960.51,1923.24,1931.85,1933.34,1942.16,
2020-08-27,1948.99,1958.1,1935.48,1944.48,1940.86,1949.8,
2020-08-26,1925.39,1934.14,1912.81,1921.75,1920.41,1929.22,
2020-08-25,1931.76,1940.84,1921.09,1930.09,1927.79,1936.74,
2020-08-24,1943.74,1952.77,1927.4,1936.04,1933.81,1942.69,
2020-08-21,1948.19,1956.93,1930.29,1939.1,1942.61,1951.6,
2020-08-20,1945.58,1954.32,1923.14,1931.98,1936.51,1945.53,
2020-08-19,2001.51,2010.22,1982.39,1991.2,1989.23,1998.25,
2020-08-18,2003.15,2012.12,1976.56,1985.9,1991.84,2001.14,
2020-08-17,2029.62,2038.93,1931.97,1941.28,1946.09,1955.82,
2020-08-14,1953.31,1962.95,1938.05,1948.05,1946.33,1956.15,
2020-08-13,1932.48,1942.12,1910.5,1919.89,1925.8,1935.27,
2020-08-12,1943.27,1952.56,1868.6,1878.06,1904.81,1914.34,
2020-08-11,2025.0,2035.5,1984.92,1994.5,2008.49,2018.08,
2020-08-10,2028.22,2037.84,2020.48,2030.0,2024.55,2033.97,
2020-08-07,2064.79,2074.6,2049.54,2059.97,2058.12,2067.71,
2020-08-06,2047.51,2057.01,2030.89,2040.17,2039.25,2048.63,
2020-08-05,2033.2,2041.46,2009.65,2017.47,2022.37,2030.53,
2020-08-04,1973.77,1981.86,1968.79,1976.85,1971.17,1979.09,
2020-08-03,1979.82,1988.06,1968.79,1976.61,1971.83,1979.95,
2020-07-31,1973.03,1981.05,1952.58,1960.68,1966.15,1974.08,
2020-07-30,1965.46,1973.61,1948.56,1956.36,1957.9,1965.82,
2020-07-29,1956.22,1964.2,1946.81,1955.01,1951.84,1959.84,
2020-07-28,1975.65,1983.72,1909.08,1917.08,1940.37,1948.45,
2020-07-27,1936.67,1944.6,1898.23,1906.24,1926.34,1934.3,
2020-07-24,1892.6,1900.6,1880.25,1888.09,1885.33,1893.3,
2020-07-23,1882.27,1890.41,1862.06,1869.82,1868.94,1876.93,
2020-07-22,1857.66,1865.59,1838.0,1846.07,1852.11,1860.1,
2020-07-21,1820.18,1828.16,1812.67,1820.79,1816.18,1824.12,
2020-07-20,1807.94,1816.09,1803.24,1810.9,1805.23,1813.09,
2020-07-17,1798.18,1806.33,1792.9,1800.67,1795.51,1803.46,
2020-07-16,1809.02,1817.21,1802.01,1810.18,1805.24,1813.31,
2020-07-15,1809.55,1817.36,1801.96,1810.15,1805.58,1813.62,
2020-07-14,1798.47,1806.5,1793.39,1801.37,1795.75,1803.79,
2020-07-13,1803.94,1811.79,1796.59,1804.11,1801.36,1809.18,
2020-07-10,1801.17,1809.3,1792.33,1800.12,1797.76,1805.82,
2020-07-09,1811.92,1819.9,1803.19,1810.99,1807.5,1815.45,
2020-07-08,1795.46,1803.34,1789.21,1796.95,1790.86,1799.21,
2020-07-07,1782.38,1790.13,1774.09,1781.97,1779.47,1787.26,
2020-07-06,1773.75,1781.64,1768.29,1776.08,1771.19,1778.99,
2020-07-03,1773.1,1781.15,1770.55,1778.32,1771.61,1779.66,
2020-07-02,1768.09,1776.77,1761.97,1770.65,1764.69,1773.11,
2020-07-01,1784.47,1792.92,1776.75,1785.27,1780.48,1788.89,
2020-06-30,1769.72,1777.75,1764.87,1773.47,1767.74,1776.0,
2020-06-29,1770.55,1778.32,1765.06,1773.11,1768.13,1776.11,
2020-06-26,1761.38,1770.07,1755.55,1764.08,1758.28,1766.58,
2020-06-25,1764.28,1772.91,1757.21,1764.98,1760.67,1768.87,
2020-06-24,1771.98,1779.9,1762.85,1771.65,1766.14,1774.45,
2020-06-23,1752.58,1760.71,1745.31,1753.39,1749.6,1757.82,
2020-06-22,1754.51,1762.21,1741.39,1750.73,1747.14,1755.13,
2020-06-19,1728.29,1737.0,1719.52,1727.53,1724.04,1732.4,
2020-06-18,1729.4,1738.33,1721.48,1729.24,1723.36,1731.7,
2020-06-17,1724.56,1732.59,1715.06,1723.51,1721.5,1729.59,
2020-06-16,1726.86,1734.94,1718.82,1726.85,1723.45,1731.62,
2020-06-15,1728.92,1737.83,1716.9,1724.92,1722.92,1731.27,
2020-06-12,1730.69,1739.24,1721.21,1729.49,1725.65,1734.0,
2020-06-11,1731.91,1740.6,1723.93,1731.7,1728.93,1737.21,
2020-06-10,1715.6,1723.65,1708.99,1717.63,1712.79,1721.14,
2020-06-09,1701.5,1710.12,1689.65,1697.74,1694.51,1702.83,
2020-06-08,1693.25,1701.24,1677.6,1685.54,1686.51,1694.72,
2020-06-05,1710.25,1718.27,1704.76,1712.64,1706.76,1715.05,
2020-06-04,1701.8,1710.45,1694.91,1702.85,1697.84,1706.19,
2020-06-03,1726.76,1735.26,1713.17,1721.38,1720.35,1728.8,
2020-06-02,1738.06,1745.94,1731.84,1739.84,1735.18,1743.12,
2020-06-01,1739.95,1747.75,1732.32,1740.37,1736.46,1744.36,
2020-05-29,1722.17,1730.3,1714.43,1722.51,1717.4,1725.72,
2020-05-28,1717.74,1725.81,1706.0,1714.66,1712.27,1720.75,
2020-05-27,1709.81,1718.43,1701.53,1709.69,1705.2,1713.64,
2020-05-26,1730.64,1739.1,1721.5,1729.33,1726.62,1734.95,
2020-05-25,1728.42,1737.67,1720.78,1729.43,1723.94,1732.36,
2020-05-22,1734.34,1743.2,1721.78,1730.69,1728.05,1736.75,
2020-05-21,1743.16,1751.87,1729.39,1738.24,1736.68,1745.31,
2020-05-20,1747.26,1756.48,1740.11,1748.36,1744.12,1753.31,
2020-05-19,1735.76,1744.53,1725.35,1734.21,1730.61,1739.32,
2020-05-18,1760.47,1768.56,1743.68,1751.19,1756.59,1765.03,
2020-05-15,1733.18,1741.8,1725.02,1734.23,1729.58,1738.28,
2020-05-14,1714.45,1723.52,1706.3,1716.8,1710.78,1720.14,
2020-05-13,1701.34,1711.05,1696.8,1706.04,1698.97,1708.38,
2020-05-12,1701.32,1710.59,1692.12,1700.72,1696.34,1705.53,
2020-05-11,1706.37,1713.88,1699.05,1708.06,1702.69,1711.04,
2020-05-08,1715.19,1724.85,1710.09,1718.95,1712.32,1721.76,
2020-05-07,1688.21,1697.36,1682.84,1691.75,1685.85,1694.72,
2020-05-06,1702.72,1711.95,1697.46,1707.28,1700.16,1709.47,
2020-05-05,1699.53,1707.94,1693.15,1702.01,1695.95,1704.97,
2020-05-04,1700.81,1710.22,1692.76,1700.27,1696.65,1704.81,
2020-05-01,1684.64,1694.56,1667.43,1677.08,1676.58,1686.28,
2020-04-30,1715.48,1725.01,1706.26,1715.55,1711.3,1720.65,
2020-04-29,1707.85,1716.79,1699.87,1709.59,1703.66,1713.22,
2020-04-28,1708.21,1715.72,1691.04,1699.54,1698.31,1707.34,
2020-04-27,1724.69,1732.5,1710.33,1719.22,1718.3,1726.33,
2020-04-24,1725.42,1735.34,1717.0,1727.08,1721.84,1731.56,
2020-04-23,1722.66,1731.87,1704.31,1714.37,1712.64,1722.18,
2020-04-22,1701.06,1710.88,1678.75,1687.88,1685.66,1695.27,
2020-04-21,1691.89,1701.28,1682.69,1691.15,1687.54,1696.85,
2020-04-20,1680.1,1689.12,1669.53,1678.9,1675.12,1684.02,
2020-04-17,1713.14,1722.31,1689.87,1698.63,1698.49,1707.47,
2020-04-16,1719.71,1727.92,1709.75,1718.64,1714.15,1722.82,
2020-04-15,1723.7,1733.32,1707.09,1716.1,1717.52,1726.98,
2020-04-14,1722.4,1731.58,1707.75,1717.8,1715.7,1724.83,
2020-04-13,1686.83,1696.2,1677.18,1686.72,1682.05,1691.16,
2020-04-10,1692.0,1703.0,1671.5,1682.5,1682.91,1691.96,
2020-04-09,1654.52,1663.75,1641.53,1651.53,1646.45,1655.69,
2020-04-08,1648.4,1658.0,1640.1,1648.53,1644.03,1652.96,
2020-04-07,1663.65,1674.51,1641.99,1651.9,1655.89,1666.38,
2020-04-06,1632.98,1642.2,1613.57,1620.02,1620.37,1629.23,
2020-04-03,1611.65,1621.93,1604.27,1615.06,1607.49,1617.95,
2020-04-02,1591.94,1602.98,1575.48,1589.33,1583.5,1595.28,
2020-04-01,1592.44,1605.25,1570.44,1581.86,1582.93,1594.76,
2020-03-31,1613.6,1623.94,1604.56,1615.07,1610.76,1621.01,
2020-03-30,1618.91,1637.29,1605.17,1621.53,1612.67,1628.41,
2020-03-27,1624.78,1636.52,1608.28,1624.95,1617.51,1632.65,
2020-03-26,1607.59,1616.69,1593.17,1605.93,1599.41,1611.4,
2020-03-25,1623.0,1651.56,1593.82,1610.43,1607.37,1626.94,
2020-03-24,1586.14,1599.11,1559.68,1565.76,1571.65,1579.18,
2020-03-23,1491.37,1497.14,1484.28,1490.29,1488.66,1494.41,
2020-03-20,1511.24,1516.84,1464.95,1470.55,1486.73,1492.4,
2020-03-19,1495.92,1501.51,1466.05,1472.9,1480.38,1486.1,
2020-03-18,1534.74,1540.51,1491.15,1496.73,1521.01,1526.64,
2020-03-17,1514.47,1520.07,1479.8,1486.0,1493.0,1498.67,
2020-03-16,1555.31,1561.09,1528.94,1534.68,1540.5,1546.35,
2020-03-13,1589.08,1594.68,1552.22,1557.81,1569.36,1575.05,
2020-03-12,1646.81,1652.49,1631.21,1636.98,1637.75,1643.52,
2020-03-11,1662.3,1668.26,1649.58,1655.17,1656.81,1662.66,
2020-03-10,1668.7,1674.5,1648.6,1654.2,1660.92,1666.47,
2020-03-09,1698.95,1704.72,1659.6,1665.4,1684.48,1690.24,
2020-03-06,1677.0,1682.83,1666.21,1672.01,1671.34,1677.14,
2020-03-05,1638.7,1645.2,1633.97,1639.77,1636.07,1641.87,
2020-03-04,1643.16,1648.75,1633.34,1639.0,1639.28,1645.12,
2020-03-03,1597.3,1602.98,1586.94,1592.53,1593.26,1598.99,
2020-03-02,1602.7,1608.48,1581.05,1587.55,1595.15,1601.14,
2020-02-28,1644.47,1650.27,1625.0,1630.6,1635.77,1641.56,
2020-02-27,1649.44,1655.13,1637.68,1644.18,1645.16,1650.9,
2020-02-26,1648.82,1654.46,1632.05,1637.85,1640.24,1645.91,
2020-02-25,1656.44,1662.03,1634.2,1640.03,1649.63,1655.32,
2020-02-24,1683.32,1688.97,1637.71,1643.62,1664.25,1669.93,
2020-02-21,1631.41,1637.01,1616.16,1622.66,1624.0,1629.64,
2020-02-20,1608.88,1614.52,1603.8,1609.7,1606.6,1612.29,
2020-02-19,1604.8,1610.7,1598.16,1603.66,1600.35,1605.91,
2020-02-18,1585.76,1591.26,1578.3,1583.9,1583.2,1588.73,
2020-02-17,1580.43,1585.93,1577.48,1582.98,1579.29,1584.89,
2020-02-14,1574.39,1580.23,1571.59,1577.13,1572.8,1578.41,
2020-02-13,1572.71,1578.26,1563.1,1568.69,1569.43,1575.01,
2020-02-12,1565.21,1571.35,1559.31,1565.08,1563.81,1569.48,
2020-02-11,1569.29,1574.85,1564.43,1569.97,1566.76,1572.37,
2020-02-10,1571.95,1577.62,1567.01,1572.58,1569.19,1574.79,
2020-02-07,1566.07,1571.63,1561.52,1567.06,1563.78,1569.44,
2020-02-06,1556.2,1561.97,1550.57,1556.15,1553.67,1559.27,
2020-02-05,1558.36,1563.89,1549.8,1555.44,1553.47,1559.07,
2020-02-04,1576.28,1581.82,1564.44,1570.07,1571.29,1576.91,
2020-02-03,1586.79,1592.51,1572.84,1578.53,1578.56,1584.23,
2020-01-31,1575.42,1580.99,1569.04,1574.57,1571.18,1576.77,
2020-01-30,1579.6,1585.4,1573.81,1580.02,1576.5,1582.24,
2020-01-29,1566.26,1571.85,1560.98,1566.61,1563.93,1569.51,
2020-01-28,1580.17,1585.78,1574.38,1579.93,1577.81,1583.37,
2020-01-24,1560.36,1566.16,1555.5,1561.5,1558.16,1563.85,
2020-01-23,1559.02,1564.59,1551.56,1557.15,1555.79,1561.46,
2020-01-22,1555.83,1561.42,1548.09,1553.68,1551.32,1556.96,
2020-01-21,1565.6,1571.3,1551.61,1557.28,1561.55,1567.24,
2020-01-20,1559.18,1564.71,1554.28,1559.79,1556.58,1562.17,
2020-01-17,1554.0,1559.7,1547.21,1552.81,1551.24,1556.79,
2020-01-16,1554.7,1560.4,1548.98,1554.48,1552.48,1558.05,
2020-01-15,1550.61,1556.38,1543.56,1549.06,1547.97,1553.6,
2020-01-14,1545.33,1550.83,1534.9,1540.4,1538.89,1544.39,
2020-01-13,1559.1,1564.9,1547.74,1553.12,1553.58,1559.03,
2020-01-10,1550.05,1555.39,1543.66,1549.0,1547.01,1552.33,
2020-01-09,1557.93,1563.24,1539.11,1545.25,1549.77,1555.19,
2020-01-08,1607.61,1613.38,1571.55,1577.05,1590.04,1595.47,
2020-01-07,1566.66,1572.43,1554.35,1560.15,1559.35,1564.81,
2020-01-06,1576.47,1581.82,1566.92,1572.33,1572.72,1578.09,
2020-01-03,1541.65,1547.25,1526.39,1531.89,1534.88,1540.3,
2020-01-02,1518.3,1523.64,1514.39,1520.2,1517.04,1522.44,
2020-01-01,1514.39,1520.2,1514.39,1520.2,1514.39,1520.2,
2019-12-31,1521.88,1527.28,1512.1,1517.68,1518.35,1523.77,
2019-12-30,1512.51,1517.88,1510.04,1515.54,1511.46,1516.87,
2019-12-27,1510.87,1516.2,1505.8,1511.45,1508.14,1513.71,
2019-12-26,1501.82,1507.29,1495.48,1500.93,1499.29,1504.97,
2019-12-25,1496.85,1503.0,1495.85,1502.81,1496.21,1502.84,
2019-12-24,1488.37,1493.74,1482.31,1487.67,1485.73,1491.17,
2019-12-23,1481.49,1486.89,1475.8,1481.5,1478.44,1484.05,
2019-12-20,1476.6,1482.3,1475.14,1480.52,1475.98,1481.38,
2019-12-19,1475.27,1480.6,1471.5,1476.7,1473.51,1478.88,
2019-12-18,1474.86,1480.84,1473.03,1478.36,1473.97,1479.45,
2019-12-17,1475.51,1480.91,1472.31,1477.64,1473.7,1479.24,
2019-12-16,1474.59,1480.19,1471.56,1476.91,1472.71,1478.11,
2019-12-13,1470.1,1475.47,1462.47,1467.93,1465.65,1471.15,
2019-12-12,1472.84,1478.53,1470.12,1475.46,1471.85,1477.29,
2019-12-11,1463.95,1469.55,1460.49,1465.79,1461.62,1467.02,
2019-12-10,1461.49,1466.88,1457.2,1463.0,1458.92,1464.45,
2019-12-09,1460.01,1465.34,1456.6,1462.19,1458.07,1463.55,
2019-12-06,1473.52,1479.0,1469.87,1475.18,1472.54,1477.94,
2019-12-05,1475.21,1480.51,1471.81,1477.12,1473.08,1478.46,
2019-12-04,1481.2,1486.9,1473.6,1479.4,1476.67,1482.14,
2019-12-03,1460.75,1466.35,1458.44,1463.7,1459.54,1464.94,
2019-12-02,1459.22,1464.58,1452.27,1458.12,1456.92,1462.31,
2019-11-29,1455.83,1461.18,1453.1,1458.5,1454.58,1459.95,
2019-11-28,1454.98,1460.29,1451.6,1457.3,1454.0,1459.35,
2019-11-27,1458.45,1464.25,1455.74,1461.04,1456.96,1462.48,
2019-11-26,1454.7,1460.3,1449.81,1455.21,1452.26,1457.58,
2019-11-25,1459.08,1464.6,1455.44,1460.76,1457.59,1463.04,
2019-11-22,1465.6,1471.3,1461.01,1466.35,1462.89,1468.31,
2019-11-21,1472.36,1477.95,1467.79,1473.11,1469.92,1475.4,
2019-11-20,1475.23,1480.7,1470.0,1475.2,1472.19,1477.55,
2019-11-19,1470.82,1476.18,1465.47,1470.85,1468.5,1473.9,
2019-11-18,1466.43,1471.8,1457.42,1462.78,1462.78,1468.22,
2019-11-15,1468.35,1473.85,1461.51,1466.99,1463.9,1469.31,
2019-11-14,1466.98,1472.58,1459.2,1464.9,1462.11,1467.59,
2019-11-13,1459.56,1464.89,1453.49,1458.99,1456.71,1462.08,
2019-11-12,1453.89,1459.24,1448.68,1454.02,1451.75,1457.14,
2019-11-11,1462.22,1467.56,1455.91,1461.41,1459.86,1465.19,
2019-11-08,1469.42,1474.87,1465.02,1470.37,1466.53,1472.08,
2019-11-07,1489.24,1494.61,1483.4,1488.96,1486.8,1492.23,
2019-11-06,1484.31,1489.68,1480.3,1485.7,1482.97,1488.4,
2019-11-05,1504.6,1509.95,1501.82,1507.2,1503.19,1508.71,
2019-11-04,1511.3,1516.7,1507.01,1512.48,1509.49,1514.92,
2019-11-01,1510.93,1515.76,1507.07,1512.38,1508.77,1514.18,
2019-10-31,1497.82,1503.61,1492.61,1498.11,1495.3,1500.74,
2019-10-30,1487.75,1493.17,1484.67,1489.99,1486.1,1491.58,
2019-10-29,1491.72,1497.01,1488.94,1494.25,1489.71,1495.03,
2019-10-28,1504.9,1510.24,1501.31,1506.81,1502.55,1507.96,
2019-10-25,1503.5,1508.92,1498.85,1504.19,1501.09,1506.51,
2019-10-24,1490.67,1496.01,1486.19,1491.56,1489.11,1494.57,
2019-10-23,1491.91,1497.68,1485.3,1490.8,1487.31,1492.83,
2019-10-22,1485.56,1490.94,1480.6,1486.3,1482.38,1487.81,
2019-10-21,1489.78,1495.11,1485.8,1491.5,1488.0,1493.48,
2019-10-18,1490.01,1495.78,1484.72,1490.2,1488.56,1494.03,
2019-10-17,1489.17,1494.54,1484.86,1490.38,1486.71,1492.25,
2019-10-16,1481.66,1487.3,1478.2,1483.93,1480.5,1485.99,
2019-10-15,1492.43,1497.8,1487.9,1493.23,1490.61,1495.97,
2019-10-14,1487.5,1492.71,1481.8,1487.6,1484.72,1490.15,
2019-10-11,1499.73,1505.4,1489.0,1494.7,1494.44,1499.94,
2019-10-10,1512.8,1518.5,1503.6,1509.29,1506.95,1512.45,
2019-10-09,1505.8,1511.61,1501.8,1507.5,1503.78,1509.35,
2019-10-08,1495.7,1501.5,1485.51,1491.28,1489.68,1495.18,
2019-10-07,1505.74,1511.09,1498.0,1503.8,1502.71,1508.17,
2019-10-04,1507.29,1512.69,1504.25,1509.61,1505.55,1510.94,
2019-10-03,1499.81,1505.2,1495.33,1500.74,1497.12,1502.55,
2019-10-02,1480.06,1485.44,1473.71,1479.03,1476.53,1481.95,
2019-10-01,1471.05,1476.4,1458.93,1464.53,1463.8,1469.32,
2019-09-30,1494.68,1500.18,1484.69,1490.07,1490.43,1495.96,
2019-09-27,1504.18,1509.63,1494.28,1499.66,1500.96,1506.39,
2019-09-26,1507.25,1512.75,1502.26,1507.76,1505.48,1511.09,
2019-09-25,1530.99,1536.37,1525.7,1531.63,1527.76,1533.31,
2019-09-24,1520.52,1526.12,1517.6,1522.95,1518.81,1524.29,
2019-09-23,1518.06,1523.44,1511.39,1516.73,1513.64,1519.12,
2019-09-20,1503.05,1508.4,1495.49,1500.99,1499.7,1505.13,
2019-09-19,1494.73,1500.08,1487.36,1493.13,1491.29,1496.75,
2019-09-18,1500.38,1505.73,1498.4,1504.02,1499.41,1504.9,
2019-09-17,1497.28,1502.63,1491.7,1497.23,1495.34,1500.9,
2019-09-16,1508.83,1514.22,1499.85,1505.27,1502.84,1508.32,
2019-09-13,1503.16,1509.1,1493.4,1499.2,1497.1,1502.87,
2019-09-12,1502.5,1508.1,1487.55,1493.15,1494.45,1500.04,
2019-09-11,1491.3,1497.5,1484.25,1490.05,1488.46,1494.14,
2019-09-10,1495.9,1501.49,1485.0,1490.6,1489.17,1494.77,
2019-09-09,1507.8,1513.5,1502.41,1508.01,1505.97,1511.49,
2019-09-06,1516.29,1521.62,1503.65,1509.11,1511.57,1516.93,
2019-09-05,1549.0,1555.06,1539.49,1544.93,1543.71,1549.24,
2019-09-04,1546.48,1551.98,1533.6,1539.3,1540.21,1545.77,
2019-09-03,1529.5,1535.2,1519.97,1525.33,1523.59,1529.25,
2019-09-02,1526.21,1531.98,1518.4,1524.1,1522.13,1527.74,
2019-08-30,1527.11,1532.51,1520.41,1526.18,1523.92,1529.47,
2019-08-29,1547.06,1552.43,1535.63,1541.13,1539.94,1545.55,
2019-08-28,1541.15,1546.65,1530.31,1535.73,1536.4,1541.8,
2019-08-27,1529.9,1536.29,1524.59,1530.09,1526.88,1532.42,
2019-08-26,1544.45,1550.25,1524.5,1529.7,1535.63,1541.2,
2019-08-23,1494.01,1499.6,1492.01,1497.34,1493.09,1498.57,
2019-08-22,1500.13,1505.63,1495.9,1501.1,1498.15,1503.66,
2019-08-21,1503.81,1509.31,1494.52,1499.89,1500.15,1505.66,
2019-08-20,1498.8,1504.5,1491.7,1497.5,1493.96,1499.61,
2019-08-19,1508.07,1513.43,1497.9,1503.6,1504.91,1510.56,
2019-08-16,1524.02,1529.41,1508.3,1513.5,1517.11,1522.65,
2019-08-15,1520.5,1526.3,1509.51,1515.28,1515.62,1521.26,
2019-08-14,1499.99,1506.33,1492.87,1498.23,1497.32,1502.77,
2019-08-13,1523.25,1528.65,1508.24,1513.68,1514.88,1520.29,
2019-08-12,1500.22,1505.63,1485.76,1491.16,1493.87,1499.33,
2019-08-09,1504.78,1510.13,1499.21,1504.9,1501.63,1507.08,
2019-08-08,1502.69,1508.1,1492.25,1497.63,1496.75,1502.18,
2019-08-07,1486.36,1491.72,1470.72,1476.22,1481.71,1487.26,
2019-08-06,1471.38,1476.98,1458.4,1463.77,1462.68,1468.11,
2019-08-05,1455.93,1461.28,1436.17,1441.5,1447.14,1452.69,
2019-08-02,1439.27,1444.68,1428.45,1433.78,1433.37,1438.89,
2019-08-01,1412.23,1417.73,1401.84,1407.25,1406.24,1411.62,
2019-07-31,1429.56,1434.88,1425.34,1430.68,1427.15,1432.57,
2019-07-30,1424.16,1429.5,1420.44,1425.78,1422.12,1427.52,
2019-07-29,1420.33,1425.66,1415.8,1421.16,1417.71,1423.17,
2019-07-26,1416.61,1422.38,1412.29,1417.5,1414.04,1419.39,
2019-07-25,1424.3,1429.63,1419.59,1424.89,1421.66,1426.96,
2019-07-24,1422.64,1427.84,1414.26,1419.8,1417.99,1423.44,
2019-07-23,1421.55,1427.05,1413.01,1418.51,1416.4,1421.95,
2019-07-22,1425.51,1431.28,1421.94,1427.29,1424.08,1429.53,
2019-07-19,1441.13,1446.45,1436.12,1441.43,1439.02,1444.53,
2019-07-18,1424.42,1429.87,1417.42,1422.97,1421.05,1426.53,
2019-07-17,1403.45,1408.95,1399.7,1405.5,1402.07,1407.8,
2019-07-16,1413.66,1419.43,1410.47,1415.82,1411.58,1417.08,
2019-07-15,1413.9,1419.26,1408.06,1413.42,1410.98,1416.47,
2019-07-12,1407.51,1412.9,1401.3,1406.5,1404.95,1410.42,
2019-07-11,1423.5,1428.9,1417.65,1423.15,1420.24,1425.67,
2019-07-10,1393.13,1398.85,1388.33,1393.72,1390.74,1396.2,
2019-07-09,1393.62,1398.91,1384.64,1391.14,1390.76,1396.31,
2019-07-08,1404.1,1409.5,1393.21,1398.56,1398.54,1403.96,
2019-07-05,1419.95,1425.45,1410.86,1416.2,1414.47,1420.08,
2019-07-04,1418.27,1423.65,1408.46,1414.23,1414.13,1419.61,
2019-07-03,1432.93,1438.38,1419.89,1425.39,1424.58,1430.3,
2019-07-02,1390.78,1396.09,1382.73,1388.08,1386.89,1392.44,
2019-07-01,1392.35,1398.85,1380.1,1385.9,1387.71,1393.21,
2019-06-28,1419.94,1425.32,1405.93,1411.43,1414.46,1419.92,
2019-06-27,1408.28,1413.78,1399.4,1405.37,1403.88,1409.5,
2019-06-26,1415.78,1421.11,1402.59,1407.93,1407.52,1412.87,
2019-06-25,1433.7,1439.07,1420.1,1425.9,1426.0,1431.55,
2019-06-24,1404.2,1409.52,1399.84,1405.15,1402.1,1407.45,
2019-06-21,1408.28,1413.78,1381.43,1386.78,1395.44,1401.06,
2019-06-20,1381.06,1386.83,1355.43,1360.67,1374.26,1379.82,
2019-06-19,1343.84,1349.11,1339.1,1344.9,1341.89,1347.57,
2019-06-18,1343.77,1349.01,1336.63,1342.13,1339.53,1344.91,
2019-06-17,1339.59,1344.81,1331.73,1336.97,1336.34,1341.72,
2019-06-14,1352.56,1358.33,1340.95,1346.33,1346.02,1351.46,
2019-06-13,1334.6,1340.4,1330.12,1335.35,1332.37,1337.74,
2019-06-12,1335.12,1340.36,1323.69,1328.93,1329.44,1334.79,
2019-06-11,1326.67,1332.08,1318.65,1325.09,1324.79,1330.25,
2019-06-10,1332.68,1338.18,1323.01,1328.78,1326.69,1332.09,
2019-06-07,1333.31,1338.54,1328.81,1334.02,1330.98,1336.24,
2019-06-06,1334.02,1339.23,1326.37,1331.6,1328.93,1334.26,
2019-06-05,1331.34,1337.08,1322.78,1328.17,1326.35,1331.69,
2019-06-04,1325.91,1331.11,1319.95,1325.15,1322.48,1327.86,
2019-06-03,1312.28,1318.27,1306.09,1311.44,1309.19,1314.79,
2019-05-31,1292.59,1297.79,1285.5,1291.0,1289.62,1294.86,
2019-05-30,1277.51,1282.77,1273.15,1279.61,1275.62,1280.98,
2019-05-29,1281.71,1288.12,1276.77,1282.27,1279.2,1284.62,
2019-05-28,1283.05,1288.48,1279.65,1285.26,1280.99,1286.6,
2019-05-27,1284.71,1289.95,1282.08,1287.32,1283.52,1288.89,
2019-05-24,1281.49,1286.89,1279.31,1285.08,1280.72,1286.16,
2019-05-23,1273.0,1278.8,1269.75,1275.69,1271.31,1276.92,
2019-05-22,1272.3,1277.53,1270.57,1275.79,1271.3,1276.58,
2019-05-21,1275.05,1280.55,1271.45,1277.87,1273.25,1278.76,
2019-05-20,1275.66,1281.43,1272.52,1277.74,1273.95,1279.24,
2019-05-17,1285.76,1290.98,1283.09,1288.31,1283.87,1289.18,
2019-05-16,1295.31,1301.05,1292.78,1298.05,1293.74,1299.18,
2019-05-15,1296.32,1301.55,1291.08,1296.3,1293.75,1299.03,
2019-05-14,1298.96,1304.73,1295.76,1301.0,1296.99,1302.32,
2019-05-13,1284.9,1290.14,1279.65,1284.88,1281.97,1287.36,
2019-05-10,1284.01,1289.23,1280.81,1286.17,1282.19,1287.53,
2019-05-09,1282.47,1287.69,1277.5,1283.94,1279.69,1285.09,
2019-05-08,1284.81,1290.23,1281.85,1287.35,1283.72,1289.02,
2019-05-07,1280.54,1286.2,1277.58,1283.08,1279.57,1285.15,
2019-05-06,1281.95,1287.75,1279.1,1284.9,1280.08,1285.74,
2019-05-03,1269.7,1274.95,1267.87,1273.14,1268.66,1273.98,
2019-05-02,1275.09,1280.59,1268.25,1273.54,1271.61,1276.97,
2019-05-01,1280.63,1285.96,1275.89,1281.18,1278.24,1283.8,
2019-04-30,1281.3,1286.62,1277.66,1283.14,1279.58,1285.24,
2019-04-29,1284.01,1289.29,1278.68,1283.99,1282.0,1287.38,
2019-04-26,1279.62,1284.91,1275.31,1280.81,1277.37,1282.92,
2019-04-25,1275.34,1280.61,1271.96,1277.22,1273.32,1278.61,
2019-04-24,1271.02,1276.29,1266.58,1272.42,1268.07,1273.6,
2019-04-23,1273.05,1278.32,1270.0,1275.3,1271.77,1277.1,
2019-04-22,1276.0,1281.0,1276.0,1281.0,1276.0,1281.0,
2019-04-19,1272.51,1278.28,1272.51,1278.28,1272.51,1278.28,
2019-04-18,1273.34,1278.61,1269.08,1274.35,1270.76,1276.19,
2019-04-17,1276.4,1281.71,1273.6,1278.87,1274.76,1280.12,
2019-04-16,1285.83,1291.11,1281.63,1286.94,1283.39,1288.75,
2019-04-15,1287.46,1292.75,1283.41,1289.18,1285.63,1291.11,
2019-04-12,1291.07,1296.98,1289.4,1294.75,1290.26,1295.72,
2019-04-11,1305.47,1310.88,1302.0,1307.3,1304.26,1309.57,
2019-04-10,1302.5,1307.78,1299.64,1304.91,1300.82,1306.21,
2019-04-09,1298.75,1304.05,1295.21,1300.52,1296.59,1301.9,
2019-04-08,1294.72,1299.99,1289.2,1294.47,1293.13,1298.65,
2019-04-05,1290.14,1295.64,1284.77,1290.69,1287.34,1292.85,
2019-04-04,1290.18,1295.6,1287.54,1293.81,1289.2,1294.66,
2019-04-03,1290.5,1295.78,1288.63,1293.91,1289.71,1295.02,
2019-04-02,1286.11,1291.65,1283.48,1288.75,1284.68,1290.14,
2019-04-01,1290.75,1296.03,1286.48,1291.82,1289.11,1294.56,
2019-03-29,1289.31,1294.71,1284.66,1289.93,1287.45,1292.76,
2019-03-28,1308.91,1314.17,1305.12,1310.7,1307.11,1312.57,
2019-03-27,1315.42,1320.7,1311.36,1317.13,1313.74,1319.24,
2019-03-26,1319.39,1324.89,1313.2,1318.54,1316.93,1322.35,
2019-03-25,1314.45,1320.18,1308.81,1314.58,1312.46,1317.96,
2019-03-22,1309.56,1315.33,1305.62,1310.88,1307.14,1312.59,
2019-03-21,1316.43,1321.74,1311.36,1316.86,1314.95,1320.31,
2019-03-20,1304.03,1309.53,1299.7,1305.01,1302.27,1307.71,
2019-03-19,1304.96,1310.28,1300.71,1306.31,1303.02,1308.45,
2019-03-18,1301.31,1306.63,1296.01,1301.78,1298.15,1303.55,
2019-03-15,1300.79,1306.13,1292.27,1297.59,1295.77,1301.31,
2019-03-14,1307.14,1312.64,1299.12,1304.44,1302.62,1308.01,
2019-03-13,1304.12,1309.47,1298.31,1303.81,1301.62,1307.04,
2019-03-12,1294.66,1300.0,1289.96,1295.46,1292.66,1298.05,
2019-03-11,1295.71,1301.03,1293.41,1298.72,1294.41,1299.9,
2019-03-08,1291.46,1297.23,1283.07,1288.57,1286.55,1292.03,
2019-03-07,1285.08,1290.4,1279.45,1284.83,1283.29,1288.65,
2019-03-06,1287.73,1293.05,1284.13,1289.47,1285.5,1290.86,
2019-03-05,1286.32,1291.65,1282.32,1287.65,1284.61,1289.98,
2019-03-04,1294.17,1299.67,1284.45,1289.79,1291.58,1297.02,
2019-03-01,1311.78,1317.11,1304.69,1310.02,1309.71,1315.03,
2019-02-28,1320.86,1326.63,1315.71,1320.88,1317.47,1322.72,
2019-02-27,1326.61,1332.4,1324.08,1329.2,1325.35,1330.87,
2019-02-26,1327.45,1332.61,1322.36,1327.49,1325.19,1330.61,
2019-02-25,1328.9,1334.4,1325.14,1330.3,1327.59,1332.99,
2019-02-22,1323.99,1329.14,1320.78,1326.62,1322.92,1328.25,
2019-02-21,1338.08,1343.26,1333.42,1338.54,1336.45,1341.85,
2019-02-20,1344.13,1349.24,1336.71,1342.48,1339.88,1345.32,
2019-02-19,1326.05,1331.17,1320.51,1325.64,1322.52,1328.07,
2019-02-18,1322.14,1327.61,1318.63,1323.78,1320.54,1325.82,
2019-02-15,1312.36,1317.52,1309.34,1314.47,1310.34,1315.64,
2019-02-14,1307.27,1312.41,1302.89,1308.17,1305.36,1310.82,
2019-02-13,1310.85,1316.38,1307.58,1312.7,1309.49,1314.78,
2019-02-12,1309.36,1314.5,1304.32,1309.42,1306.34,1311.78,
2019-02-11,1311.47,1316.7,1306.66,1312.43,1309.27,1314.6,
2019-02-08,1307.89,1313.64,1305.81,1311.58,1306.89,1312.51,
2019-02-07,1304.41,1309.77,1300.64,1305.8,1302.13,1307.57,
2019-02-06,1312.94,1318.14,1310.51,1316.12,1311.73,1317.3,
2019-02-05,1312.71,1317.82,1308.91,1314.68,1310.73,1316.34,
2019-02-04,1314.51,1319.62,1309.54,1314.63,1311.44,1316.75,
2019-02-01,1318.71,1324.6,1314.65,1320.8,1316.25,1322.04,
2019-01-31,1318.42,1323.53,1315.56,1320.7,1316.85,1322.16,
2019-01-30,1312.2,1318.55,1308.2,1313.43,1310.63,1316.24,
2019-01-29,1305.93,1311.04,1300.8,1305.94,1302.18,1307.48,
2019-01-28,1300.64,1305.8,1300.64,1305.8,1300.64,1305.8,
2019-01-25,1281.8,1287.6,1277.57,1282.72,1279.48,1284.86,
2019-01-24,1281.84,1287.39,1276.01,1281.78,1279.56,1285.11,
2019-01-23,1283.94,1289.05,1280.9,1286.1,1281.96,1287.24,
2019-01-22,1282.1,1287.3,1274.81,1280.58,1277.17,1282.62,
2019-01-21,1280.94,1286.09,1276.7,1281.9,1279.36,1284.97,
2019-01-18,1289.56,1295.33,1285.81,1291.58,1288.57,1294.01,
2019-01-17,1292.51,1297.68,1288.96,1294.1,1290.44,1295.93,
2019-01-16,1289.19,1294.32,1286.34,1291.44,1287.53,1292.83,
2019-01-15,1290.62,1295.76,1286.45,1291.57,1288.55,1294.04,
2019-01-14,1291.11,1296.88,1285.21,1290.98,1288.64,1293.89,
2019-01-11,1291.21,1296.98,1284.0,1290.0,1288.47,1293.83,
2019-01-10,1294.45,1299.59,1290.28,1295.4,1292.01,1297.25,
2019-01-09,1283.54,1288.68,1279.51,1284.84,1281.2,1286.7,
2019-01-08,1286.37,1292.38,1280.21,1285.61,1282.54,1288.06,
2019-01-07,1288.94,1294.43,1281.9,1287.38,1286.23,1291.71,
2019-01-04,1295.33,1300.47,1289.71,1294.85,1292.75,1298.14,
2019-01-03,1289.64,1294.76,1281.27,1287.75,1285.74,1291.25,
2019-01-02,1285.57,1290.73,1276.71,1282.48,1280.56,1286.13,
2019-01-01,1279.67,1285.56,1279.67,1285.56,1279.67,1285.56,
2018-12-31,1278.21,1283.98,1274.76,1280.53,1276.47,1281.99,
2018-12-28,1278.82,1283.94,1272.16,1277.28,1275.06,1280.54,
2018-12-27,1269.13,1274.28,1263.66,1270.05,1266.71,1272.28,
2018-12-26,1271.58,1276.72,1264.31,1270.08,1268.81,1274.54,
2018-12-25,1265.99,1272.27,1265.99,1272.27,1265.99,1272.27,
2018-12-24,1261.61,1267.08,1256.35,1261.52,1259.92,1265.16,
2018-12-21,1259.53,1264.85,1256.21,1261.84,1257.57,1263.53,
2018-12-20,1246.56,1252.36,1240.23,1246.04,1242.83,1248.21,
2018-12-19,1248.6,1253.83,1246.56,1251.69,1247.39,1252.87,
2018-12-18,1246.02,1251.18,1241.85,1248.35,1244.58,1250.06,
2018-12-17,1236.4,1241.53,1234.0,1239.35,1234.98,1240.33,
2018-12-14,1239.81,1245.61,1235.5,1240.63,1238.47,1244.07,
2018-12-13,1243.67,1249.1,1241.61,1247.1,1242.66,1248.19,
2018-12-12,1242.84,1247.98,1239.81,1245.58,1241.32,1246.69,
2018-12-11,1245.98,1251.08,1241.43,1246.62,1243.2,1248.83,
2018-12-10,1247.06,1252.67,1243.82,1248.93,1245.78,1251.51,
2018-12-07,1237.61,1243.3,1234.61,1239.96,1236.38,1242.12,
2018-12-06,1237.76,1242.89,1232.11,1237.88,1235.74,1241.14,
2018-12-05,1235.91,1241.68,1231.66,1236.79,1233.26,1238.9,
2018-12-04,1236.14,1241.25,1227.89,1233.65,1231.79,1237.25,
2018-12-03,1229.26,1234.38,1219.62,1224.75,1223.44,1228.63,
2018-11-30,1222.59,1227.88,1220.63,1226.89,1221.73,1227.3,
2018-11-29,1223.29,1229.02,1217.92,1223.98,1221.06,1226.52,
2018-11-28,1212.8,1217.94,1210.01,1215.5,1211.55,1217.12,
2018-11-27,1220.55,1225.65,1217.61,1222.74,1219.04,1224.59,
2018-11-26,1224.36,1230.15,1219.69,1225.6,1221.74,1227.61,
2018-11-23,1225.82,1231.16,1219.35,1224.46,1224.03,1229.47,
2018-11-22,1225.38,1230.48,1222.71,1228.48,1224.11,1229.48,
2018-11-21,1221.77,1226.89,1217.46,1222.96,1219.02,1224.55,
2018-11-20,1222.75,1227.92,1219.25,1224.4,1220.65,1225.9,
2018-11-19,1219.96,1225.45,1215.86,1221.01,1218.09,1223.48,
2018-11-16,1213.01,1218.33,1210.59,1216.93,1212.21,1217.61,
2018-11-15,1210.76,1216.79,1205.61,1211.93,1208.3,1214.11,
2018-11-14,1201.36,1206.5,1198.01,1203.78,1199.99,1205.42,
2018-11-13,1202.29,1207.42,1197.68,1203.59,1200.67,1205.95,
2018-11-12,1208.51,1214.28,1202.55,1207.66,1206.41,1211.86,
2018-11-09,1220.45,1226.26,1215.16,1220.96,1218.04,1223.46,
2018-11-08,1224.11,1229.44,1220.41,1226.03,1222.2,1227.73,
2018-11-07,1228.97,1234.14,1220.92,1226.07,1225.36,1230.7,
2018-11-06,1231.71,1236.86,1226.28,1231.42,1228.22,1233.59,
2018-11-05,1231.31,1237.08,1227.91,1233.68,1229.63,1235.58,
2018-11-02,1231.65,1236.78,1229.41,1234.74,1230.45,1235.72,
2018-11-01,1223.55,1228.65,1212.73,1217.88,1216.24,1221.64,
2018-10-31,1220.08,1225.68,1213.13,1218.24,1216.45,1221.87,
2018-10-30,1227.65,1232.8,1221.34,1226.44,1224.62,1229.87,
2018-10-29,1232.3,1237.44,1226.52,1231.67,1229.91,1235.23,
2018-10-26,1235.04,1240.16,1228.2,1234.01,1230.12,1235.54,
2018-10-25,1235.06,1240.2,1229.11,1234.25,1232.87,1238.12,
2018-10-24,1230.7,1235.84,1228.03,1233.16,1229.35,1234.52,
2018-10-23,1233.16,1238.33,1218.9,1224.7,1223.07,1228.75,
2018-10-22,1225.74,1230.84,1220.85,1225.93,1224.13,1229.53,
2018-10-19,1226.34,1231.48,1223.07,1228.2,1224.46,1229.89,
2018-10-18,1221.14,1226.51,1218.06,1223.2,1220.02,1225.49,
2018-10-17,1224.74,1229.87,1219.2,1224.47,1221.09,1226.27,
2018-10-16,1226.87,1232.0,1222.81,1228.58,1224.51,1230.0,
2018-10-15,1227.46,1233.23,1216.82,1221.98,1220.15,1225.76,
2018-10-12,1220.72,1225.87,1214.29,1219.42,1217.22,1222.46,
2018-10-11,1195.76,1200.9,1190.15,1195.38,1191.62,1196.98,
2018-10-10,1187.93,1193.94,1184.02,1189.13,1186.54,1192.06,
2018-10-09,1188.41,1194.36,1185.54,1190.69,1187.25,1192.9,
2018-10-08,1200.81,1206.58,1191.41,1196.54,1195.25,1200.68,
2018-10-05,1196.94,1202.68,1195.51,1201.11,1196.33,1201.8,
2018-10-04,1197.72,1202.82,1193.18,1199.09,1195.35,1200.89,
2018-10-03,1205.16,1210.28,1200.7,1205.8,1202.93,1208.22,
2018-10-02,1190.76,1195.93,1186.64,1191.78,1188.92,1194.22,
2018-10-01,1188.01,1193.78,1183.28,1188.4,1185.72,1191.18,
2018-09-28,1182.49,1187.62,1179.52,1184.65,1181.16,1186.51,
2018-09-27,1195.56,1201.5,1192.47,1197.55,1194.01,1199.44,
2018-09-26,1199.5,1205.02,1196.31,1201.42,1198.29,1203.72,
2018-09-25,1197.58,1202.68,1195.76,1200.86,1196.47,1201.66,
2018-09-21,1206.85,1212.51,1204.01,1209.81,1205.91,1211.43,
2018-09-20,1203.77,1208.9,1198.9,1204.06,1201.37,1206.69,
2018-09-19,1201.41,1207.16,1196.08,1201.22,1198.5,1204.02,
2018-09-18,1196.91,1202.68,1195.01,1200.3,1195.93,1201.42,
2018-09-17,1194.5,1199.62,1190.66,1195.77,1192.7,1198.0,
2018-09-14,1205.38,1210.49,1199.26,1205.06,1202.1,1207.52,
2018-09-13,1204.06,1209.13,1201.25,1207.28,1202.69,1208.2,
2018-09-12,1195.01,1200.78,1190.21,1195.98,1192.54,1198.02,
2018-09-11,1193.45,1199.26,1191.11,1196.52,1192.19,1197.56,
2018-09-10,1193.39,1198.52,1189.88,1195.04,1191.76,1197.18,
2018-09-07,1200.23,1205.34,1197.13,1202.25,1198.6,1203.91,
2018-09-06,1200.65,1205.74,1193.36,1199.36,1196.31,1201.8,
2018-09-05,1192.14,1197.72,1189.22,1194.32,1190.5,1196.17,
2018-09-04,1198.55,1203.98,1192.49,1197.57,1196.37,1201.8,
2018-09-03,1200.69,1206.13,1194.71,1200.48,1197.37,1202.82,
2018-08-31,1205.37,1210.46,1196.89,1202.02,1200.48,1205.88,
2018-08-30,1204.52,1209.64,1198.5,1203.61,1201.7,1207.0,
2018-08-29,1202.18,1207.61,1199.51,1204.97,1200.36,1206.05,
2018-08-28,1210.26,1216.03,1205.75,1211.12,1207.56,1213.13,
2018-08-27,1205.26,1210.4,1201.91,1207.02,1203.26,1208.79,
2018-08-24,1188.21,1193.33,1181.91,1187.68,1184.57,1190.02,
2018-08-23,1193.61,1199.4,1186.43,1191.5,1189.32,1194.56,
2018-08-22,1193.82,1199.31,1191.28,1196.38,1192.76,1198.12,
2018-08-21,1193.05,1198.15,1188.19,1193.33,1191.29,1196.41,
2018-08-20,1185.8,1190.9,1180.53,1185.66,1182.96,1188.35,
2018-08-17,1175.22,1180.34,1171.61,1177.38,1173.43,1179.01,
2018-08-16,1178.03,1183.15,1157.87,1163.02,1169.47,1174.69,
2018-08-15,1191.11,1196.88,1183.77,1188.87,1186.73,1192.19,
2018-08-14,1193.13,1198.27,1190.06,1195.21,1191.98,1197.21,
2018-08-13,1209.85,1215.58,1202.01,1207.1,1205.87,1211.19,
2018-08-10,1210.38,1215.81,1204.92,1210.05,1208.29,1213.59,
2018-08-09,1212.49,1217.81,1208.81,1214.58,1211.22,1216.63,
2018-08-08,1212.21,1217.33,1208.45,1214.26,1210.33,1215.69,
2018-08-07,1211.61,1216.71,1205.92,1211.04,1208.08,1213.27,
2018-08-06,1214.74,1219.9,1209.78,1214.92,1211.97,1217.43,
2018-08-03,1207.25,1212.43,1202.14,1207.3,1204.9,1210.34,
2018-08-02,1217.79,1222.9,1214.5,1219.64,1215.97,1221.34,
2018-08-01,1221.11,1226.88,1217.82,1222.95,1219.65,1224.96,
2018-07-31,1220.21,1225.51,1216.05,1221.16,1218.77,1224.26,
2018-07-30,1220.13,1225.6,1216.8,1222.6,1218.61,1224.0,
2018-07-27,1221.86,1227.28,1216.71,1221.79,1220.79,1226.07,
2018-07-26,1230.72,1235.86,1225.01,1230.45,1228.47,1233.71,
2018-07-25,1226.01,1231.14,1221.53,1226.68,1223.08,1228.42,
2018-07-24,1221.9,1227.7,1216.46,1222.23,1219.94,1225.43,
2018-07-23,1231.1,1236.9,1225.71,1231.48,1228.87,1234.46,
2018-07-20,1221.18,1226.25,1214.21,1219.98,1218.49,1223.71,
2018-07-19,1224.74,1230.4,1215.9,1221.14,1221.46,1227.03,
2018-07-18,1225.76,1231.28,1219.98,1225.07,1223.8,1229.04,
2018-07-17,1241.91,1247.68,1236.9,1242.04,1238.88,1244.31,
2018-07-16,1242.41,1247.55,1238.46,1243.58,1240.54,1246.02,
2018-07-13,1244.3,1250.45,1238.31,1243.44,1242.5,1248.06,
2018-07-12,1243.07,1248.23,1238.7,1244.5,1240.94,1246.49,
2018-07-11,1253.47,1258.61,1247.55,1253.48,1249.58,1255.14,
2018-07-10,1257.01,1262.81,1249.99,1255.11,1255.26,1260.62,
2018-07-09,1259.14,1264.21,1253.1,1258.9,1256.15,1261.62,
2018-07-06,1255.13,1260.28,1250.79,1256.73,1252.87,1258.39,
2018-07-05,1254.48,1260.15,1250.55,1256.24,1253.0,1258.38,
2018-07-04,1258.18,1263.32,1251.1,1256.28,1254.78,1260.26,
2018-07-03,1242.73,1247.86,1236.06,1241.2,1238.72,1244.0,
2018-07-02,1250.86,1256.01,1245.35,1250.48,1247.8,1253.44,
2018-06-29,1249.0,1254.14,1244.81,1249.96,1246.94,1252.29,
2018-06-28,1251.04,1256.18,1247.26,1252.39,1249.38,1254.74,
2018-06-27,1256.2,1262.0,1251.2,1257.0,1254.14,1259.61,
2018-06-26,1264.14,1269.29,1255.92,1262.42,1261.25,1267.0,
2018-06-25,1268.9,1274.7,1262.36,1268.13,1265.93,1271.23,
2018-06-22,1267.51,1273.28,1264.6,1270.1,1265.77,1271.14,
2018-06-21,1266.95,1272.75,1260.33,1265.43,1263.54,1269.09,
2018-06-20,1272.22,1277.9,1269.66,1275.43,1271.3,1276.93,
2018-06-19,1281.32,1286.84,1276.69,1281.83,1279.22,1284.59,
2018-06-18,1279.8,1284.95,1276.77,1281.89,1277.93,1283.23,
2018-06-15,1300.16,1305.93,1296.93,1302.0,1298.56,1303.96,
2018-06-14,1300.32,1306.1,1295.51,1301.02,1297.47,1302.91,
2018-06-13,1293.28,1298.43,1290.95,1296.77,1292.45,1297.77,
2018-06-12,1296.86,1302.0,1293.77,1300.19,1295.39,1300.71,
2018-06-11,1298.14,1303.32,1293.26,1298.39,1295.85,1301.16,
2018-06-08,1296.04,1301.18,1292.44,1297.58,1294.18,1299.75,
2018-06-07,1295.7,1301.51,1293.51,1299.28,1294.63,1300.11,
2018-06-06,1295.77,1301.48,1293.79,1299.52,1294.86,1300.23,
2018-06-05,1290.45,1296.26,1288.82,1293.98,1289.43,1294.82,
2018-06-04,1291.18,1296.31,1288.1,1293.9,1290.03,1295.35,
2018-06-01,1297.47,1303.0,1295.61,1300.75,1296.44,1302.0,
2018-05-31,1303.04,1308.18,1298.81,1304.58,1300.61,1306.1,
2018-05-30,1299.6,1304.76,1294.76,1300.56,1296.99,1302.36,
2018-05-29,1301.61,1306.77,1294.27,1299.41,1296.01,1301.33,
2018-05-28,1297.18,1302.4,1294.47,1299.55,1295.62,1300.76,
2018-05-25,1302.59,1307.74,1299.5,1304.8,1300.64,1305.96,
2018-05-24,1294.14,1299.94,1291.39,1296.51,1292.57,1297.92,
2018-05-23,1291.04,1296.18,1287.39,1292.5,1289.83,1295.08,
2018-05-22,1291.28,1296.42,1285.4,1291.2,1288.76,1294.01,
2018-05-21,1288.1,1293.9,1280.28,1285.4,1284.75,1290.07,
2018-05-18,1288.1,1293.2,1285.9,1291.2,1286.91,1292.09,
2018-05-17,1290.53,1295.69,1285.41,1291.18,1288.65,1293.99,
2018-05-16,1293.0,1298.14,1288.86,1294.05,1291.01,1296.25,
2018-05-15,1311.91,1317.07,1307.01,1312.78,1310.11,1315.41,
2018-05-14,1319.31,1325.08,1316.82,1321.98,1318.0,1323.3,
2018-05-11,1320.72,1325.81,1316.01,1321.78,1317.99,1323.3,
2018-05-10,1312.48,1318.2,1308.9,1314.03,1310.78,1316.01,
2018-05-09,1314.06,1319.22,1302.32,1307.36,1307.9,1313.17,
2018-05-08,1313.25,1318.36,1308.7,1313.84,1310.85,1316.09,
2018-05-07,1315.7,1321.06,1310.73,1315.84,1313.13,1318.47,
2018-05-04,1311.25,1316.34,1306.29,1311.42,1309.37,1314.55,
2018-05-03,1307.81,1312.96,1303.37,1308.54,1306.0,1311.37,
2018-05-02,1307.9,1313.7,1302.23,1307.38,1305.92,1311.4,
2018-05-01,1313.38,1318.56,1306.32,1311.42,1309.87,1315.25,
2018-04-30,1322.12,1327.28,1314.76,1319.89,1318.39,1323.89,
2018-04-27,1315.57,1320.98,1313.89,1319.01,1314.72,1319.97,
2018-04-26,1322.3,1328.1,1319.64,1324.81,1320.8,1326.24,
2018-04-25,1328.7,1334.5,1321.07,1326.19,1325.11,1330.61,
2018-04-24,1324.58,1329.9,1321.81,1327.58,1323.25,1328.77,
2018-04-23,1332.26,1337.43,1326.37,1331.46,1330.57,1335.95,
2018-04-20,1342.81,1348.58,1338.72,1343.84,1340.24,1345.67,
2018-04-19,1350.8,1356.6,1345.7,1351.32,1348.43,1354.01,
2018-04-18,1344.24,1349.38,1340.32,1345.46,1342.13,1347.36,
2018-04-17,1346.11,1351.24,1339.75,1344.87,1343.57,1348.87,
2018-04-16,1345.51,1351.31,1340.51,1346.28,1342.68,1348.35,
2018-04-13,1338.31,1344.11,1334.79,1339.86,1336.42,1341.91,
2018-04-12,1350.5,1355.64,1344.01,1349.78,1347.95,1353.31,
2018-04-11,1342.42,1347.5,1337.31,1342.84,1339.45,1344.77,
2018-04-10,1334.9,1340.7,1329.76,1334.89,1332.26,1337.65,
2018-04-09,1330.51,1336.28,1326.36,1331.48,1329.02,1334.42,
2018-04-06,1330.2,1335.27,1321.57,1326.68,1325.96,1331.27,
2018-04-05,1331.81,1336.94,1323.51,1328.6,1327.01,1332.37,
2018-04-04,1341.51,1347.28,1329.76,1335.56,1333.39,1338.75,
2018-04-03,1339.05,1344.15,1334.78,1339.8,1336.84,1341.95,
2018-04-02,1329.62,1334.76,1326.67,1331.81,1327.64,1332.94,
2018-03-30,1321.5,1328.5,1321.5,1328.5,1321.5,1328.5,
2018-03-29,1325.41,1331.0,1320.3,1326.1,1323.5,1328.95,
2018-03-28,1343.8,1349.38,1338.58,1343.71,1341.47,1346.94,
2018-03-27,1352.6,1357.8,1348.41,1353.81,1350.48,1355.99,
2018-03-26,1346.2,1351.28,1342.12,1347.27,1344.5,1349.77,
2018-03-23,1340.26,1345.41,1328.68,1333.83,1335.27,1340.47,
2018-03-22,1331.15,1336.33,1325.27,1330.4,1328.67,1333.89,
2018-03-21,1314.28,1319.44,1307.31,1313.11,1310.8,1316.15,
2018-03-20,1314.59,1320.03,1312.61,1317.73,1313.48,1318.84,
2018-03-19,1310.5,1316.08,1306.41,1311.56,1308.76,1314.02,
2018-03-16,1315.99,1321.11,1312.81,1318.36,1314.24,1319.41,
2018-03-15,1324.46,1329.6,1320.68,1325.81,1323.14,1328.33,
2018-03-14,1326.51,1331.68,1322.11,1327.47,1324.09,1329.35,
2018-03-13,1322.56,1327.7,1315.16,1320.28,1318.88,1324.03,
2018-03-12,1321.31,1326.4,1318.31,1323.41,1320.18,1325.37,
2018-03-09,1318.24,1323.88,1314.88,1320.0,1316.11,1321.44,
2018-03-08,1325.79,1331.08,1321.71,1327.48,1324.14,1329.49,
2018-03-07,1336.41,1341.65,1329.41,1335.01,1332.37,1337.83,
2018-03-06,1320.99,1326.15,1317.55,1323.31,1319.45,1324.91,
2018-03-05,1324.46,1329.54,1322.81,1328.58,1323.56,1329.09,
2018-03-02,1315.94,1321.33,1313.61,1319.2,1314.59,1320.01,
2018-03-01,1315.4,1320.9,1308.84,1313.97,1312.41,1317.75,
2018-02-28,1316.07,1321.47,1314.31,1319.78,1315.13,1320.56,
2018-02-27,1333.49,1338.62,1329.45,1334.72,1331.24,1336.58,
2018-02-26,1337.24,1342.35,1324.11,1329.9,1332.42,1337.84,
2018-02-23,1329.06,1334.86,1324.11,1329.23,1326.36,1331.6,
2018-02-22,1324.15,1329.26,1319.11,1324.36,1321.35,1326.63,
2018-02-21,1327.01,1332.78,1323.26,1328.89,1325.23,1330.66,
2018-02-20,1343.81,1349.58,1335.01,1340.78,1338.96,1344.37,
2018-02-19,1347.79,1353.51,1344.3,1349.42,1346.16,1351.46,
2018-02-16,1357.3,1362.38,1350.45,1355.58,1353.71,1359.16,
2018-02-15,1354.16,1359.27,1347.8,1353.3,1351.0,1356.39,
2018-02-14,1334.13,1339.31,1326.26,1332.06,1330.6,1335.9,
2018-02-13,1325.76,1331.56,1319.67,1325.35,1322.15,1327.59,
2018-02-12,1322.94,1328.06,1312.86,1318.63,1319.13,1324.53,
2018-02-09,1319.62,1324.8,1311.62,1316.75,1315.78,1321.16,
2018-02-08,1315.74,1321.43,1307.41,1313.18,1310.99,1316.28,
2018-02-07,1328.3,1333.4,1321.74,1327.55,1325.86,1331.28,
2018-02-06,1342.24,1347.43,1335.36,1341.15,1339.06,1344.58,
2018-02-05,1332.48,1337.63,1327.2,1332.9,1329.29,1334.77,
2018-02-02,1346.45,1351.54,1344.42,1349.54,1345.39,1350.65,
2018-02-01,1343.37,1348.5,1336.35,1341.46,1340.5,1346.11,
2018-01-31,1341.63,1346.74,1334.81,1340.58,1338.02,1343.58,
2018-01-30,1338.45,1344.26,1331.8,1337.7,1335.09,1340.73,
2018-01-29,1348.45,1353.61,1343.51,1349.28,1345.9,1351.39,
2018-01-26,1352.71,1358.48,1343.7,1349.5,1348.99,1354.51,
2018-01-25,1362.24,1367.38,1353.58,1358.72,1358.07,1363.49,
2018-01-24,1344.51,1350.31,1337.7,1343.51,1339.25,1344.89,
2018-01-23,1334.55,1339.67,1330.68,1335.77,1333.11,1338.45,
2018-01-22,1331.96,1337.73,1326.45,1331.54,1329.41,1334.76,
2018-01-19,1334.72,1339.86,1324.01,1329.89,1328.4,1333.96,
2018-01-18,1325.76,1331.53,1322.71,1328.48,1324.68,1330.39,
2018-01-17,1341.14,1346.27,1330.66,1336.43,1335.06,1340.54,
2018-01-16,1338.7,1344.5,1334.88,1339.96,1337.62,1343.26,
2018-01-15,1341.49,1347.1,1334.15,1339.95,1337.93,1343.44,
2018-01-12,1326.96,1332.1,1319.8,1325.1,1323.88,1329.2,
2018-01-11,1317.46,1322.59,1314.1,1319.47,1315.47,1320.79,
2018-01-10,1311.5,1316.88,1306.95,1312.76,1308.75,1314.29,
2018-01-09,1318.08,1323.88,1312.34,1317.44,1315.71,1321.08,
2018-01-08,1318.36,1323.48,1313.49,1318.58,1316.67,1321.89,
2018-01-05,1320.38,1325.55,1315.66,1320.79,1318.21,1323.58,
2018-01-04,1310.5,1315.8,1304.44,1309.61,1307.03,1312.3,
2018-01-03,1317.81,1323.18,1309.66,1315.01,1313.06,1318.49,
2018-01-02,1307.73,1312.84,1302.3,1307.55,1304.8,1310.09,
2017-12-29,1293.5,1299.92,1291.31,1297.08,1292.56,1298.54,
2017-12-28,1290.48,1295.62,1284.46,1290.28,1287.24,1292.8,
2017-12-27,1283.08,1288.22,1279.06,1284.47,1280.16,1285.72,
2017-12-26,1276.31,1281.42,1271.16,1276.3,1275.14,1280.43,
2017-12-22,1265.5,1271.25,1262.65,1268.52,1263.87,1269.62,
2017-12-21,1265.1,1270.26,1262.51,1268.1,1263.85,1269.18,
2017-12-20,1261.7,1267.45,1258.86,1264.65,1260.77,1266.21,
2017-12-19,1262.07,1267.25,1257.71,1263.37,1259.66,1265.17,
2017-12-18,1254.54,1260.01,1250.8,1256.29,1252.67,1258.16,
2017-12-15,1254.59,1259.73,1249.75,1256.18,1252.04,1257.49,
2017-12-14,1256.11,1261.88,1251.24,1256.66,1253.77,1259.21,
2017-12-13,1241.57,1247.08,1239.21,1244.98,1240.65,1246.14,
2017-12-12,1242.81,1248.58,1238.9,1244.77,1241.42,1246.97,
2017-12-11,1247.1,1252.85,1244.51,1250.28,1246.07,1251.86,
2017-12-08,1246.91,1252.26,1244.39,1250.18,1245.7,1251.19,
2017-12-07,1261.14,1266.8,1254.74,1259.87,1259.17,1264.7,
2017-12-06,1266.06,1271.21,1261.77,1266.93,1263.82,1269.15,
2017-12-05,1274.06,1279.38,1272.06,1277.22,1273.16,1278.52,
2017-12-04,1272.97,1278.15,1270.18,1275.34,1271.9,1277.28,
2017-12-01,1274.11,1279.67,1271.99,1277.16,1273.01,1278.25,
2017-11-30,1282.14,1287.6,1277.39,1282.49,1280.95,1286.28,
2017-11-29,1293.47,1298.59,1290.86,1296.0,1292.25,1297.5,
2017-11-28,1292.71,1298.48,1290.11,1295.49,1291.15,1296.79,
2017-11-27,1289.34,1294.48,1284.29,1289.43,1286.84,1292.38,
2017-11-24,1289.98,1295.4,1287.06,1292.86,1288.68,1294.16,
2017-11-23,1288.91,1294.68,1286.26,1291.75,1287.27,1292.8,
2017-11-22,1282.79,1287.9,1276.65,1282.1,1279.0,1284.49,
2017-11-21,1277.66,1283.4,1274.4,1280.2,1277.14,1282.44,
2017-11-20,1290.6,1296.4,1288.01,1293.39,1289.09,1294.55,
2017-11-17,1280.73,1286.01,1275.9,1281.2,1279.14,1284.55,
2017-11-16,1276.61,1282.38,1273.67,1278.86,1275.12,1280.44,
2017-11-15,1284.35,1289.48,1277.51,1282.71,1279.33,1284.73,
2017-11-14,1275.11,1280.88,1269.96,1275.73,1273.67,1279.29,
2017-11-13,1274.77,1279.88,1272.7,1278.2,1273.7,1279.06,
2017-11-10,1284.01,1289.81,1280.52,1285.88,1282.39,1287.88,
2017-11-09,1281.8,1286.91,1278.36,1283.43,1279.76,1285.05,
2017-11-08,1276.58,1282.01,1273.76,1279.53,1275.17,1280.51,
2017-11-07,1279.16,1284.36,1273.86,1279.63,1276.64,1282.14,
2017-11-06,1269.19,1274.3,1265.24,1270.68,1267.03,1272.3,
2017-11-03,1275.31,1281.11,1272.54,1277.57,1273.91,1279.5,
2017-11-02,1277.96,1283.1,1272.66,1277.91,1275.49,1280.79,
2017-11-01,1273.21,1278.98,1265.76,1271.53,1268.71,1274.12,
2017-10-31,1274.7,1279.81,1272.4,1278.08,1273.42,1278.93,
2017-10-30,1270.19,1275.32,1266.05,1271.88,1268.19,1273.72,
2017-10-27,1265.59,1270.72,1263.0,1268.8,1264.52,1269.96,
2017-10-26,1279.5,1285.0,1274.64,1279.77,1277.19,1282.59,
2017-10-25,1274.18,1279.32,1269.31,1274.42,1271.74,1277.14,
2017-10-24,1280.2,1286.0,1275.37,1280.48,1278.79,1284.32,
2017-10-23,1274.37,1279.49,1272.46,1277.63,1273.27,1278.71,
2017-10-20,1287.88,1293.01,1278.11,1283.68,1282.3,1287.67,
2017-10-19,1283.01,1288.44,1275.16,1280.28,1277.86,1283.12,
2017-10-18,1284.9,1290.7,1278.78,1283.91,1282.71,1288.0,
2017-10-17,1293.33,1298.37,1286.4,1292.0,1289.96,1295.37,
2017-10-16,1302.39,1308.89,1299.15,1304.47,1300.22,1306.03,
2017-10-13,1294.16,1299.29,1291.2,1296.53,1292.6,1298.03,
2017-10-12,1293.91,1299.68,1289.41,1295.18,1291.8,1297.11,
2017-10-11,1287.7,1293.45,1285.0,1290.1,1286.32,1291.62,
2017-10-10,1286.47,1291.61,1280.56,1285.69,1283.49,1288.74,
2017-10-09,1282.16,1287.27,1273.96,1279.28,1278.06,1283.41,
2017-10-06,1266.64,1272.23,1264.9,1270.64,1265.77,1271.4,
2017-10-05,1275.65,1281.45,1270.81,1276.34,1272.28,1277.72,
2017-10-04,1273.8,1279.55,1269.56,1275.33,1272.44,1278.08,
2017-10-03,1269.25,1274.7,1266.13,1271.26,1267.45,1273.0,
2017-10-02,1275.2,1281.0,1270.07,1275.17,1272.52,1277.8,
2017-09-29,1285.41,1291.18,1281.61,1287.28,1283.33,1288.95,
2017-09-28,1281.46,1286.6,1276.54,1281.68,1279.07,1284.44,
2017-09-27,1292.86,1298.09,1286.51,1291.62,1290.72,1296.28,
2017-09-26,1310.4,1316.2,1302.66,1307.75,1307.12,1312.54,
2017-09-25,1290.96,1296.48,1288.8,1294.44,1289.88,1295.48,
2017-09-22,1295.21,1300.98,1288.98,1294.12,1293.04,1298.37,
2017-09-21,1298.75,1303.89,1291.31,1297.08,1295.55,1300.98,
2017-09-20,1311.31,1317.08,1307.21,1312.98,1309.35,1314.96,
2017-09-19,1306.29,1311.83,1304.1,1309.9,1305.14,1310.78,
2017-09-18,1316.45,1321.58,1311.23,1316.32,1314.27,1319.8,
2017-09-15,1331.0,1336.8,1323.1,1329.6,1327.28,1332.98,
2017-09-14,1321.7,1326.87,1317.02,1322.14,1318.82,1324.18,
2017-09-13,1330.2,1335.48,1326.74,1332.74,1328.68,1334.24,
2017-09-12,1325.95,1331.76,1321.72,1326.85,1323.46,1328.9,
2017-09-11,1336.19,1341.32,1333.01,1338.78,1334.76,1340.28,
2017-09-08,1352.65,1358.0,1344.9,1350.7,1348.9,1354.46,
2017-09-07,1336.31,1341.44,1330.5,1336.29,1332.55,1338.11,
2017-09-06,1339.15,1344.7,1334.51,1340.28,1336.58,1342.09,
2017-09-05,1334.78,1339.92,1327.9,1333.7,1332.15,1337.71,
2017-09-04,1335.26,1340.68,1330.41,1336.18,1332.49,1338.14,
2017-09-01,1319.07,1324.2,1315.31,1321.11,1316.86,1322.47,
2017-08-31,1305.99,1311.14,1298.75,1305.25,1302.33,1307.9,
2017-08-30,1310.71,1316.11,1305.01,1310.78,1308.3,1313.72,
2017-08-29,1322.06,1327.12,1312.3,1318.1,1315.81,1321.33,
2017-08-28,1295.42,1300.58,1288.53,1293.78,1291.86,1297.59,
2017-08-25,1285.23,1290.33,1282.6,1288.4,1283.82,1289.44,
2017-08-24,1287.86,1293.63,1283.51,1288.64,1285.88,1291.29,
2017-08-23,1283.89,1289.41,1280.45,1286.26,1282.48,1288.0,
2017-08-22,1288.5,1294.3,1282.1,1287.64,1285.34,1291.07,
2017-08-21,1285.8,1291.31,1280.3,1286.07,1283.71,1289.02,
2017-08-18,1292.9,1298.03,1284.31,1290.08,1287.04,1292.68,
2017-08-17,1286.56,1292.36,1280.62,1285.84,1284.26,1289.59,
2017-08-16,1270.97,1276.13,1267.61,1272.91,1269.61,1274.79,
2017-08-15,1278.0,1283.8,1271.41,1276.56,1273.65,1279.07,
2017-08-14,1286.86,1291.98,1278.4,1283.55,1283.7,1289.25,
2017-08-11,1285.41,1291.18,1282.56,1287.98,1283.77,1289.22,
2017-08-10,1276.58,1281.88,1272.8,1278.33,1274.55,1280.21,
2017-08-09,1265.6,1271.84,1259.01,1264.78,1262.7,1268.49,
2017-08-08,1258.3,1263.61,1254.92,1260.09,1257.06,1262.55,
2017-08-07,1256.04,1261.85,1254.56,1260.19,1255.23,1260.84,
2017-08-04,1267.11,1272.5,1265.04,1270.4,1266.13,1271.62,
2017-08-03,1262.06,1267.83,1258.6,1264.35,1260.03,1265.69,
2017-08-02,1266.01,1271.78,1262.5,1267.8,1264.04,1269.61,
2017-08-01,1267.73,1272.86,1265.01,1270.21,1266.41,1271.91,
2017-07-31,1267.4,1273.2,1264.24,1269.34,1265.88,1271.3,
2017-07-28,1257.75,1263.2,1255.62,1260.76,1256.67,1262.05,
2017-07-27,1261.45,1266.91,1257.93,1263.03,1260.01,1265.39,
2017-07-26,1246.61,1252.38,1242.79,1247.92,1244.49,1249.85,
2017-07-25,1254.01,1259.78,1249.71,1255.92,1251.87,1257.51,
2017-07-24,1253.31,1259.08,1249.97,1255.12,1251.7,1257.29,
2017-07-21,1245.44,1250.6,1241.0,1246.58,1242.85,1248.23,
2017-07-20,1239.1,1244.25,1234.8,1240.34,1236.6,1242.05,
2017-07-19,1240.19,1245.32,1235.22,1240.28,1237.88,1243.47,
2017-07-18,1235.34,1240.6,1230.4,1235.88,1233.97,1239.48,
2017-07-17,1228.59,1234.08,1227.51,1232.76,1228.04,1233.52,
2017-07-14,1216.5,1221.64,1213.11,1218.6,1214.59,1219.88,
2017-07-13,1221.04,1226.3,1216.2,1222.0,1219.38,1224.88,
2017-07-12,1217.7,1222.88,1214.46,1220.23,1216.08,1221.59,
2017-07-11,1211.81,1217.58,1207.11,1212.6,1209.14,1214.58,
2017-07-10,1210.97,1216.12,1203.9,1209.34,1207.39,1212.72,
2017-07-07,1222.26,1228.06,1216.97,1222.14,1219.15,1224.56,
2017-07-06,1224.86,1230.33,1221.7,1227.28,1223.17,1228.69,
2017-07-05,1225.74,1231.18,1219.71,1224.84,1223.39,1228.75,
2017-07-04,1222.64,1228.6,1219.1,1224.26,1221.07,1226.54,
2017-07-03,1239.01,1244.78,1232.9,1238.18,1235.14,1240.53,
2017-06-30,1244.99,1250.17,1240.4,1246.09,1242.9,1248.19,
2017-06-29,1250.24,1255.39,1242.71,1247.86,1247.85,1253.17,
2017-06-28,1250.88,1256.03,1245.41,1251.18,1248.45,1254.0,
2017-06-27,1248.96,1254.73,1239.65,1245.2,1243.4,1248.68,
2017-06-26,1254.67,1259.78,1239.16,1244.25,1249.47,1255.04,
2017-06-23,1254.2,1260.01,1247.86,1253.63,1249.99,1255.41,
2017-06-22,1250.91,1256.68,1245.89,1251.06,1249.17,1254.52,
2017-06-21,1244.25,1249.79,1242.2,1247.48,1243.08,1248.5,
2017-06-20,1244.56,1249.68,1240.86,1246.58,1242.7,1248.13,
2017-06-19,1252.48,1257.66,1246.92,1253.42,1249.77,1255.41,
2017-06-16,1252.22,1257.84,1249.6,1255.39,1250.99,1256.58,
2017-06-15,1262.9,1268.7,1258.47,1264.47,1260.87,1266.53,
2017-06-14,1266.75,1272.55,1263.96,1269.73,1265.56,1271.32,
2017-06-13,1264.03,1269.6,1259.5,1264.66,1262.48,1267.92,
2017-06-12,1267.61,1272.72,1264.14,1269.25,1265.18,1270.43,
2017-06-09,1277.33,1282.45,1269.8,1275.15,1272.51,1277.88,
2017-06-08,1286.24,1291.38,1281.53,1286.7,1283.33,1288.87,
2017-06-07,1291.68,1296.82,1288.73,1293.87,1289.85,1295.23,
2017-06-06,1286.83,1291.93,1277.21,1282.98,1282.14,1287.69,
2017-06-05,1278.95,1284.02,1276.9,1282.39,1277.75,1283.09,
2017-06-02,1263.01,1268.78,1256.1,1262.0,1259.31,1264.82,
2017-06-01,1266.91,1272.5,1264.22,1269.33,1265.53,1270.78,
2017-05-31,1260.9,1266.65,1256.65,1262.83,1258.73,1264.37,
2017-05-30,1267.74,1272.89,1260.93,1266.63,1264.83,1270.57,
2017-05-29,1265.1,1270.9,1262.91,1268.52,1264.04,1269.76,
2017-05-26,1260.52,1266.52,1251.3,1257.1,1255.33,1260.81,
2017-05-25,1256.58,1262.35,1254.26,1259.38,1255.2,1260.73,
2017-05-24,1250.4,1256.2,1246.3,1251.42,1248.81,1254.31,
2017-05-23,1260.66,1265.8,1257.11,1262.88,1259.03,1264.71,
2017-05-22,1254.47,1259.9,1249.47,1255.27,1251.76,1257.33,
2017-05-19,1249.11,1254.88,1243.9,1249.8,1247.09,1252.68,
2017-05-18,1259.1,1264.6,1252.4,1258.2,1256.78,1262.32,
2017-05-17,1241.31,1246.44,1235.51,1240.64,1240.26,1245.58,
2017-05-16,1232.85,1237.99,1228.55,1233.66,1230.81,1236.28,
2017-05-15,1230.01,1235.15,1225.46,1231.23,1227.74,1233.31,
2017-05-12,1226.03,1232.53,1221.86,1227.47,1223.85,1229.48,
2017-05-11,1219.66,1224.78,1215.22,1220.38,1217.56,1222.9,
2017-05-10,1221.06,1226.83,1218.96,1224.22,1219.86,1225.45,
2017-05-09,1226.0,1231.13,1222.23,1227.36,1224.58,1230.04,
2017-05-08,1231.8,1237.6,1226.63,1232.47,1228.49,1234.05,
2017-05-05,1231.2,1236.95,1225.2,1231.0,1227.83,1233.45,
2017-05-04,1237.99,1244.03,1232.71,1238.21,1235.73,1241.29,
2017-05-03,1253.99,1259.5,1251.33,1256.46,1252.97,1258.46,
2017-05-02,1254.59,1259.69,1251.97,1257.85,1253.84,1259.07,
2017-05-01,1267.76,1273.28,1259.41,1265.04,1261.86,1267.38,
2017-04-28,1264.51,1269.63,1261.11,1266.88,1262.35,1268.15,
2017-04-27,1265.92,1271.07,1261.0,1266.8,1263.6,1269.25,
2017-04-26,1262.51,1268.28,1259.46,1265.23,1261.08,1266.7,
2017-04-25,1274.7,1280.5,1267.13,1272.71,1271.17,1276.76,
2017-04-24,1274.61,1279.8,1268.17,1273.31,1271.18,1276.65,
2017-04-21,1279.02,1284.15,1276.6,1282.4,1277.63,1283.23,
2017-04-20,1279.18,1284.33,1275.7,1281.5,1276.68,1282.36,
2017-04-19,1286.46,1292.1,1280.2,1285.95,1283.43,1289.29,
2017-04-18,1282.3,1288.56,1279.51,1285.28,1281.03,1286.74,
2017-04-17,1291.6,1297.4,1282.5,1288.5,1287.6,1293.37,
2017-04-14,1283.75,1289.75,1283.69,1289.69,1283.72,1289.72,
2017-04-13,1284.8,1290.6,1281.21,1286.98,1283.43,1289.13,
2017-04-12,1276.8,1282.02,1269.93,1276.43,1272.95,1278.6,
2017-04-11,1254.81,1260.58,1251.6,1257.4,1253.46,1259.14,
2017-04-10,1252.11,1257.88,1250.3,1255.57,1250.95,1256.68,
2017-04-07,1265.94,1271.14,1248.64,1253.84,1259.96,1265.56,
2017-04-06,1255.51,1261.28,1250.76,1256.53,1252.23,1257.74,
2017-04-05,1254.05,1259.17,1251.15,1257.54,1252.5,1258.18,
2017-04-04,1256.1,1261.85,1252.01,1257.26,1253.79,1259.34,
2017-04-03,1246.11,1251.76,1243.3,1248.57,1245.1,1250.61,
2017-03-31,1241.0,1246.63,1238.15,1243.33,1239.83,1245.19,
2017-03-30,1250.6,1255.82,1245.9,1251.7,1247.84,1253.58,
2017-03-29,1250.51,1255.67,1244.7,1250.5,1246.95,1252.61,
2017-03-28,1251.66,1257.77,1249.0,1254.8,1250.95,1256.61,
2017-03-27,1255.9,1261.65,1241.3,1247.05,1253.1,1258.54,
2017-03-24,1243.11,1248.3,1239.39,1245.48,1240.82,1246.72,
2017-03-23,1245.8,1251.55,1242.5,1248.3,1243.84,1249.46,
2017-03-22,1245.07,1250.45,1242.36,1247.46,1243.28,1248.62,
2017-03-21,1232.4,1238.2,1225.48,1230.62,1227.76,1233.37,
2017-03-20,1231.75,1237.68,1227.5,1233.3,1230.35,1235.92,
2017-03-17,1225.31,1230.55,1222.52,1227.67,1224.01,1229.55,
2017-03-16,1224.12,1229.22,1216.41,1222.18,1221.36,1226.82,
2017-03-15,1201.28,1207.28,1196.11,1201.88,1199.34,1205.08,
2017-03-14,1201.61,1207.38,1198.61,1204.25,1200.3,1205.83,
2017-03-13,1208.21,1213.98,1202.1,1207.24,1204.4,1209.9,
2017-03-10,1197.9,1203.9,1193.4,1199.15,1195.68,1201.33,
2017-03-09,1205.5,1211.3,1201.65,1206.8,1203.64,1209.17,
2017-03-08,1215.2,1221.1,1210.5,1216.25,1213.64,1219.21,
2017-03-07,1223.9,1229.2,1221.96,1227.18,1222.84,1228.43,
2017-03-06,1234.01,1239.78,1228.67,1235.17,1231.23,1236.8,
2017-03-03,1232.4,1237.56,1224.27,1229.42,1229.54,1235.13,
2017-03-02,1245.41,1251.18,1241.91,1247.5,1243.59,1249.21,
2017-03-01,1245.78,1251.0,1239.91,1245.4,1241.94,1247.48,
2017-02-28,1251.32,1256.8,1248.45,1254.95,1250.26,1256.03,
2017-02-27,1255.86,1260.96,1251.45,1256.66,1253.77,1259.23,
2017-02-24,1252.13,1258.63,1245.25,1250.97,1247.63,1253.46,
2017-02-23,1235.26,1240.53,1233.3,1239.1,1234.18,1239.78,
2017-02-22,1234.86,1239.98,1232.05,1237.24,1233.29,1238.75,
2017-02-21,1234.62,1239.93,1229.91,1235.68,1231.7,1237.24,
2017-02-20,1233.3,1239.2,1229.9,1236.15,1231.94,1237.42,
2017-02-17,1235.84,1241.4,1234.1,1239.85,1235.19,1240.8,
2017-02-16,1232.81,1238.87,1229.94,1235.17,1231.52,1236.97,
2017-02-15,1226.3,1232.2,1222.23,1228.1,1223.54,1229.18,
2017-02-14,1227.29,1232.53,1222.62,1227.83,1224.78,1230.1,
2017-02-13,1229.2,1234.95,1225.52,1230.68,1227.53,1233.05,
2017-02-10,1224.4,1230.2,1219.26,1225.03,1221.84,1227.42,
2017-02-09,1240.01,1245.35,1236.4,1242.08,1237.86,1243.45,
2017-02-08,1234.7,1239.95,1228.82,1234.02,1230.88,1236.5,
2017-02-07,1232.3,1238.1,1227.8,1232.96,1230.09,1235.61,
2017-02-06,1222.38,1227.53,1217.62,1222.81,1220.55,1225.91,
2017-02-03,1213.03,1218.18,1209.21,1214.98,1211.06,1216.61,
2017-02-02,1214.22,1219.9,1207.26,1213.03,1211.26,1216.75,
2017-02-01,1209.3,1215.05,1204.56,1210.33,1207.12,1212.69,
2017-01-31,1199.41,1205.18,1191.96,1197.14,1196.24,1201.74,
2017-01-30,1192.54,1197.76,1187.12,1192.27,1190.43,1195.97,
2017-01-27,1185.9,1191.7,1179.75,1184.9,1182.53,1188.06,
2017-01-25,1206.95,1212.3,1199.02,1204.13,1203.72,1209.22,
2017-01-24,1215.7,1221.6,1210.6,1215.87,1213.33,1219.01,
2017-01-23,1215.46,1220.66,1209.46,1214.63,1213.21,1218.65,
2017-01-20,1205.38,1210.95,1199.61,1205.38,1203.53,1209.01,
2017-01-19,1201.64,1206.8,1196.12,1201.27,1199.32,1204.71,
2017-01-18,1213.46,1218.93,1208.37,1213.54,1211.06,1216.42,
2017-01-17,1210.62,1215.77,1200.6,1206.4,1205.35,1210.9,
2017-01-16,1203.01,1208.58,1198.36,1204.15,1200.36,1206.14,
2017-01-13,1193.78,1199.2,1189.06,1194.48,1191.44,1197.03,
2017-01-12,1200.88,1207.38,1190.36,1195.78,1195.07,1200.63,
2017-01-11,1188.4,1193.56,1183.6,1188.78,1185.46,1190.87,
2017-01-10,1183.78,1188.94,1178.8,1184.04,1181.61,1186.84,
2017-01-09,1175.78,1180.97,1170.4,1175.58,1172.23,1177.81,
2017-01-06,1177.44,1182.6,1171.89,1177.06,1175.0,1180.47,
2017-01-05,1174.56,1180.33,1161.2,1166.38,1170.32,1175.75,
2017-01-04,1160.36,1166.86,1154.66,1159.86,1157.14,1162.6,
2017-01-03,1156.16,1161.32,1147.56,1152.81,1151.76,1157.25,
